,title,content,time
0,美国新税法或带来美元新形态 每月月底前两天都会涨,"新浪美股讯 北京时间10月25日，美元看涨者的眼睛可能都盯着10月29日。因为今年以来，美元在每个月最后一个交易日的之前两天都呈现上涨走势。
北欧银行策略师Martin Enlund认为，去年还没有的这个模式可能与美国的新税法有关。
美国新税法鼓励美国公司汇回存在海外的资金。Enlund在一份报告中写道，所以，如果一家公司希望在月底之前将欧元兑换成美元（也许是为了支付之前计划的股票回购），那么它需要提前两个交易日进行。这将使那些日子的美元需求稳固。
根据Enlund的统计，今年前9个月中，美元兑欧元有8个月在每月倒数第二个交易日上涨，平均涨幅为0.3%。美元兑瑞典克朗则平均上涨0.7%。
Enlund在接受采访时表示，汇回的款项也可用于偿还债务。无论究竟为什么，Enlund表示他都将在10月29日周一观察美元，看看这种模式是否会持续。责任编辑：张宁 
			",10-25 22:19
1,Facebook因大规模信息泄露事件被英国罚款64万美…,"新浪科技讯 北京时间10月25日晚间消息，受今年3月份大规模用户信息泄露事件的影响，英国隐私监管部门现正式决定对Facebook处以50万英镑（约合64.4万美元）的罚款。
Facebook今年3月承认，英国数据分析公司“剑桥分析”在2016年美国总统大选前违规获得了5000万Facebook用户的信息，并成功地帮助特朗普赢得了美国总统大选。后来，Facebook经调查发现，最多有8700万用户的信息被剑桥分析公司不当分享。
随后，英国信息专员办公室（ICO）对Facebook的数据安全保护措施进行了调查，搜查了数十台服务器和其他包含大量数据的设备。ICO周四称，Facebook至少收集了100万英国用户的个人信息，并将其至于风险之中。
这些信息Facebook是在2007年至2014年间收集的，在未经其用户同意的情况下，将这些信息提供给了第三方开发者。为此，ICO决定对Facebook处以64.4万美元罚款。事实上，ICO今年7月份曾表示，可能对Facebook处以50万欧元的罚款。
ICO信息专员伊丽莎白·丹汉姆（Elizabeth Denham）对此给予了证实，称Faceboopk未能保护好用户的个人信息安全。
丹汉姆在一份声明中称：“在非法处理这些数据的前期、中期和后期，Facebook均未采取充分有效的安全措施来保护用户隐私。像Facebook这样规模的大公司，本应做得更好。”
受此次大规模用户信息泄露事件的影响，Facebook CEO马克·扎克伯格（Mark Zuckerberg）还不得不参加美国和欧洲议会举行的听证会，接受议员们的质询。（李明）
责任编辑：张宁 
			",10-25 22:15
2,中国铝业前三季度净利增11% 西南证券给予增持评级,"10月25日晚，中国铝业（SH：601600）发布了2018年第三季度报告。报告显示，中国铝业1-3季度实现营业收入1257.17亿元，比去年同期下降10.25%，利润总额31.47亿元，相比去年同期上升17.24%，归属母公司净利润比去年同期上升11.02%，经营净现金流89.81亿元，较去年同期上升6.24%，资产负债率比年初有了进一步下降。
市场对于中国铝业上半年的业绩给予了积极的评价，长期看好其氧化铝和电解铝板块的成本和质量优势。
对于公司股票，西南证券给予了“增持”评级，国泰君安证券、太平洋证券、天风证券维持“增持”评级，中泰证券维持“买入”评级。摩根士丹利更是将中国铝业H股评级从平配上调至了高配。责任编辑：张恒 
			",10-25 22:10
3,经历过大萧条和两次世界大战的西尔斯最终倒在新时代,"原标题：图集：经历过大萧条和两次世界大战，这家百年老店最终在新时代倒下 
来源：财富中文网
从曾经最大的美国零售商到如今可能面临破产，毫无疑问，西尔斯百货陷入了困境。在其1.34亿美元的债务最后还款日到期数日前，《华尔街日报》称，公司已围绕可能的破产申请聘请了顾问。
尽管关闭了数百个门店并削减了支出，西尔斯的业绩依然在不断恶化。自2005年以来，公司的业绩再也没有出现过增长，而且自2011年以来已经产生了共计112亿美元的累计净亏损。但这家成立于1893年的公司并非一直都是这样。
在超过一个世纪的公司历史中，西尔斯经历了两场世界大战和大萧条，在幸存下来之后成为了美国最成功的零售商之一。公司于1925年在芝加哥开设了第一家店面，提供鞋履维修、厨房用具、模特星探室，甚至是农场拖拉机。开业那天，约有1.5万人到访了新店。
如今，大多数的西尔斯门店空空如也，只有寥寥数位顾客在选购空荡的架子上仅存的一些商品。它可能正式意味着一个时代的结束。
敬请浏览以下图片，了解西尔斯从鼎盛到衰败的转变历程。
1
图片来源：芝加哥历史博物馆/Getty Images
商人理查德·西尔斯的画像，他是美国最大的邮件订购零售公司西尔斯的创始人，拍摄于芝加哥，大约20世纪初。
2
图片来源：Fotosearch/Getty Images
Sears， Roebuck & Co的目录，展示着女士束腹和内衣，大约拍摄于1897年。
3
图片来源：Fotosearch/Getty Images
芝加哥Sears， Roebuck & Co．广告，大约拍摄于1927年。
4
图片来源：George Karger—The LIFE Images Collection/Getty Images
模特穿戴来自于Sears & Roebuck的时装。
5
图片来源：George Rinhart—Corbis via Getty Images
扶梯上的顾客，位于芝加哥首个西尔斯店面。
6
图片来源：Jack Manning—Getty Images
在Sears Roebuck百货店咨询化妆品的女士，约拍摄于1955年。
7
图片来源：Gordon Coster—The LIFE Picture Collection/Getty Images
Sears Roebuck店面陈列的待售鞋履。
8
图片来源：Gordon Coster—The LIFE Picture Collection/Getty images
Sears Roebuck店面陈列的待售男童衬衫。
9
图片来源：Fox Photos—Getty Images
来自于堪萨斯州厄尔多拉多的农民雷蒙德·布朗正在位于堪萨斯威奇塔道格拉斯大街的Sears Roebuck店面挑选喷洒装置。
10
图片来源：Carl Iwasaki—The LIFE Images Collection/Getty Images
西尔斯地毯部走廊举行的文森特·普莱斯艺术作品临时特卖会。
11
图片来源：Bettmann Archive/Getty Images
位于华盛顿州芒特弗农的Sears and Roebuck百货店。
12
图片来源：Lowell Georgia—Denver Post via Getty Images
西尔斯店面经理威尔金听取新全美色彩协调项目情况汇报。房产所有者可以装修其房屋内饰、家具、墙纸、地毯、窗帘，甚至是毛巾和小地毯，并让外立面与之匹配或协调。
13
图片来源：Lyn Alweis—Denver Post via Getty Images
一位女士翻阅西尔斯目录，1981年。
14
图片来源：Denver Post via Getty Images
西尔斯童装部家庭商店。
15
图片来源：Ralf-Finn Hestoft—Corbis via Getty Images
顾客在伊利诺伊州伍德菲尔德西尔斯店面挑选电器。
16
图片来源：Ralf-Finn Hestoft—Corbis via Getty Images
顾客在伊利诺伊州伍德菲尔德西尔斯店面挑选大屏幕电视。
17
图片来源：Peter Power—Toronto Star via Getty Images
加拿大西尔斯店面的顾客。
18
图片来源：Mark Peterson—Corbis via Getty Images
纽约州长岛希克斯维尔的西尔斯百货店。
19
图片来源：Mark Peterson—Corbis via Getty Images
在纽约州长岛希克斯维尔的西尔斯百货店，一位怀抱着贵宾犬的女顾客正在化妆。
20
图片来源：James Leynse—Corbis via Getty Images
花园城西尔斯百货店货架一览。
21
图片来源：Mel Melcon—LA Times via Getty Images
2001年，23岁的特里维亚·萨米尔顿（左）在托伦斯Del Amo Fashion Center西尔斯百货中的KB Toys店为她的两个孩子购物，店面雇员丹尼斯·托马斯拿着来自于仓库的数盒玩具，准备摆上展西尔斯关门甩卖期间出售的人体模特。
22
图片来源：Rene Johnston—Toronto Star via Getty Images
西尔斯关门甩卖期间出售的人体模特。
23
图片来源：Richard Lautens—Toronto Star via Getty Images
Promenade Mall中的西尔斯百货店几乎已经清空，所有商品在下午5：30分关门之前均提供95%的折扣。
24
图片来源：Patrick Gorski—NurPhoto via Getty Images
2018年5月13日，芝加哥唯一幸存的最后一家西尔斯百货店贴满了关店标语。西尔斯可能即将寻求破产保护，但不管首席执行官艾迪·兰伯特以什么样的理由来搪塞，有些问题也源于公司自身。
25
图片来源：Richard Lautens Toronto Star via Getty Images
西尔斯店面最后一次关门，这只是众多店面其中的一个缩影。
作者：Alex Scimecca
译者：Pessy
审校：夏林
	
	

			
			免责声明：自媒体综合提供的内容均源自自媒体，版权归原作者所有，转载请联系原作者并获许可。文章观点仅代表作者本人，不代表新浪立场。若内容涉及投资建议，仅供参考勿作为投资依据。投资有风险，入市需谨慎。










			责任编辑：张宁 
			",10-25 22:08
4,看图论市：技术指标显示美国股市进入超卖区,"新浪美股讯 北京时间10月25日，令美国股市抹去今年涨幅的跌势在周四暂停，股市早盘上涨，欧洲股市走高，尽管亚洲市场延续了跌势。
标普500指数的14天RSI周三跌破30，也就是进入了技术派人士认为的超卖区域。
责任编辑：张宁 
			",10-25 22:03
5,还有这种操作：许家印大战贾跃亭 双方都称自己赢了,"还有这种操作！？许家印大战贾跃亭，双方都称自己赢了．．．．．
记者 吴羽
贾跃亭一纸诉状将恒大告上了法庭之后，结果终于在今晚出来了！
仲裁否决了贾跃亭提出的彻底剥夺恒大融资同意权的申请，并否决了贾跃亭临时提出要进一步剥夺恒大资产抵押权的新申请；与此同时，仲裁允许FF进行有严格条件的融资。
不过有趣的是，对于结果，许家印和贾跃亭都说自己赢了。
恒大赢：仲裁否决波对恒大的融资同意权等
10月以来，因为融资事宜，贾跃亭提出仲裁，要求剥夺恒大融资同意权以及解除所有合作协议。
今日晚间，仲裁结果终于出来了。
恒大健康发布的公告称，香港国际仲裁中心否决了贾跃亭提出的彻底剥夺時颖（即恒大）融资同意权的要求，并否决了贾跃亭临时提出要进一步剥夺恒大资产抵押权的新申请。
鉴于FF在目前的资金状况下濒临破产，为了支持FF的业务发展和保护恒大等所有股东的共同利益，仲裁允许FF进行有严格条件的融资，其中新股融资的估值不得低于恒大投后估值，恒大享有新股的优先购买权；在最终仲裁前对外融资额不得超过5亿美元。 
这意味着，贾跃亭打算撕毁合同、把许老板踢出局的意图宣告失败。
贾跃亭赢：FF开放全球融资
有趣的是，对于仲裁结果，FF官方解读为：申请紧急仲裁全面获胜，正式开放全球融资。
即对于“仲裁允许FF进行有严格条件的融资，其中新股融资的估值不得低于恒大投后估值，恒大享有新股的优先购买权；在最终仲裁前对外融资额不得超过5亿美元”，贾跃亭方解读成：可正式开放全球融资。
FF表示，自恒大违约导致出现财务危机之后，FF采取了紧急管理措施并制定了应急财务规划。但令人遗憾的是，作为FF最大股东的恒大健康，却置FF公司和全体员工及其家庭的利益而不顾，反而恶意破坏FF的现金流规划，违反协议约定拒绝解除对FF的相关资产保全，导致FF应急融资计划受阻，不得不采取裁员和全员降薪的方式自救。
其中FF创始人和全球CEO贾跃亭先生以及越来越多的高管甚至基层员工自愿领取一美元年薪。
目前，FF 91的产品研发工作已经完成，并在8月28日提前实现预量产车的下线目标，汉福德工厂也已经完成了大规模量产的规划工作，距离最终量产交付仅一步之遥。
FF正在寻求与其愿景和价值观相同的全球投资人合作，同时表示依然坚信和有能力在2019年向全球市场和预订用户交付颠覆性和变革性的新物种FF 91， 实现创造共享智能出行生态系统的终极愿景。
都赢了？当初仲裁为了什么？
一场仲裁，双方都赢了，那么谁输了？
让我们先来回顾一下当时贾跃亭申请仲裁的诉求。
首先先来重新梳理下情况。时间回到今年6月份，当时恒大集团正式通过时颖公司，给贾跃亭的FF输血。按照协议的约定，20亿美元分3次支付，2018年底前支付8亿美元、2019年支付6亿美元、2020 年支付6亿美元。2018年的8亿美元在今年5月25日已提前支付完毕。
然而，蜜月不到四个月，贾跃亭和许家印翻脸了。
7 月FF的原股东（实控人贾跃亭）说8亿美元已基本用完，要求时颖公司再提前支付7 亿美元。为最大限度支持Smart King的发展，恒大又与Smart King及原股东签订补充协议，同意在满足支付条件的前提下，提前支付7亿美元。
但双方对补充协议的执行结果出现了争议。据10月7日恒大健康公告称，“原股东利用其在Smart King多数董事席位的权利操控Smart King，在没有达到合约付款条件下，就要求时颖付款，并以此为借口于2018年10月3日向香港国际仲裁中心提出仲裁，要求：
1）剥夺时颖作为股东享有的有关融资的同意权；
2）解除所有协议，剥夺时颖在相应协议下的权利。”
随后10月8日，即恒大健康发布公告的第二天，法拉第未来（Faraday Future，以下简称FF）在其官方Twitter账号发表声明，称法拉第欲与恒大解约的唯一原因，是恒大在协议有效期内未履行支付款项承诺，且阻止法拉第接受其他融资。
所以，简单来说贾跃亭当时申请仲裁的目的有两个：
1．     把恒大踢出局
2．     让FF有资格接受其他融资
第1个诉求，显然失败了；
第2个诉求，仲裁允许FF进行有严格条件的融资，其中新股融资恒大享有新股的优先购买权；在最终仲裁前对外融资额不得超过5亿美元。 
所以，综合双方今天的声明，FF还是得到了他想要的部分结果：有严格条件地开放不超过5亿美元的融资。
不过就目前贾跃亭先后与孙宏斌、许家印的合作情况来看，基金君非常期待下一个与贾跃亭牵手成功的投资人。
责任编辑：高艳云 
			",10-25 22:03
6,昨日暴跌后美股反弹 道指上涨230点,"新浪美股讯 北京时间25日晚，美股周四早盘继续攀升，科技股领涨，道指上涨逾230点。昨日美股暴跌后，道指与标普500指数失去了今年所获涨幅、纳指在两年来首次跌入回调区域。
美东时间10月25日09：53（北京时间10月25日21：53），道指涨230.11点，或0.94%，报24813.53点；标普500指数涨28.21点，或1.06%，报2，684.31点；纳指涨133.95点，或1.88%，报7，242.35点。
最近以来，对全球经济增长放缓、美联储继续加息以及企业盈利下滑等诸多因素的担忧情绪，使美股市场备受打击。
周三道指收跌608.01点，或2.4%，收于24，583.42点。标普500指数收跌84.59点，或3.1%，收于2，656.10点，为连续第6个交易日收跌。
纳指周三收盘暴跌329.14点，或4.4%，收于7108.4点，使该指数从8月29日创造的历史最高值下跌幅度超过10%，符合广泛使用的回调定义。这也是自2011年8月18日以来的最大单日跌幅。
10月至今，标普500指数已累计下跌8.9%，道指下跌7.1%，纳指已下跌11.7%。
截至周三收盘，道指已经完全失去今年所获涨幅，并使该指数在今年至今下跌了0.6%。道指也可能录得连续第五周下跌，为2008年7月11日以来的最长连续下跌周数。
标普500指数今年至今的已累计下跌0.7%。
市场驱动力量是什么？
在周三美股暴跌后，市场情绪似乎并不那么悲观，但不确定性因素仍然笼罩市场。投资者正在努力应对全球经济增长放缓前景以及货币政策变化带来的焦虑气氛，美股市场也试图在10月连续重挫后站稳脚跟。
源源不断涌现的财报仍是市场焦点。至少将有66家标准普尔500成份公司以及两家道指成份公司在周四发布财报。诸如特斯拉（TSLA）等公司公布的强劲财报可能会为投资者带来一丝安慰。
经济数据面，美国劳工部宣布，截至10月20日当周美国首次申请失业救济人数为21.5万，符合预期。前值修正为21万。美国10月13日当周续请失业救济人数为163.6万，预期164.4万人。
美国上周持续领取失业金人数创四十五年以来新低，表明就业市场情况正在持续收紧。劳动力市场继续收紧伴随着经济稳健发展，很可能使美联储在12月再次加息。
欧洲消息方面，欧洲央行周四宣布维持当前的关键利率水平不变，直至确保欧元区核心通胀水平继续在中期内低于并不断靠近2%的目标。欧央行还表示将至少在2019年夏季结束前维持利率不变。
焦点关注个股
电动汽车生产商特斯拉（TSLA）股价大涨，此前该公司宣布收获了公司历史上的最大季度盈利。
康卡斯特（CMCSA）股价走高，此前该公司宣布第三季度新增36.3万名互联网用户，并宣布旗下NBCUniversal的营收意外强劲增长。
推特（TWTR）股价攀升，该公司宣布第三财季盈利与营收均超出预期，但每月活跃用户数量减少9%，降幅超出分析师预期。
雷神（RTN）第三财季盈利与销售收入超出预期，推动其股价攀升。
奥驰亚（MO）股价小幅走低，该公司宣布营收与盈利超出预期。但为了解决未成年人吸烟问题，公司拟将某些电子香烟产品下市。
AMD（AMD）股价继续下跌，延续了昨日重挫趋势。这家公司宣布营收不及预期，并且给出的业绩展望也低于市场水平。
Merck（MRK）宣布盈利低于预期，并下调了2018财年业绩目标。
康菲石油（COP）宣布第三财季盈利超出预期。其股价小幅下跌。
周四收盘后，亚马逊（AMZN）、谷歌的母公司Alphabet（GOOG）以及Chipotle Mexican Grill（CMG）等公司将公布财报。
市场分析师点评
券商Capital Economics分析师周四发布的研报称：“重新声明，我们认为财政刺激政策的效果消退、美联储的收紧货币政策措施，将很快对美国经济增长造成压力。”
其他市场表现
继昨日美股惨遭血洗后，亚洲股市周四继续下滑。日经225指数创逾6个月新低，韩国综合指数回撤2.3%，较1月29日创出的年内高点下跌约21%，濒临熊市边缘；澳洲股市收跌2.83%，创逾一年新低。责任编辑：张俊 SF065
			",10-25 21:56
7,李强应勇今同上海民企负责人座谈 为民企加油鼓劲！,"为民企加油鼓劲！李强应勇今同上海民企负责人座谈，提振发展信心
今天上午，市委书记李强主持召开民营企业负责人座谈会，深入学习贯彻习近平总书记关于民营企业发展的一系列重要指示精神，详细听取民营企业发展情况以及对上海经济社会发展、优化营商环境的意见和建议。李强强调，要深入贯彻落实习近平总书记重要指示精神，全力支持民营企业发展，千方百计为企业鼓劲加油、排忧解难，营造公平竞争的市场环境。希望民营企业坚定发展信心、做优做强主业、持续推进创新，在上海蓬勃发展、不断壮大。
市委副书记、市长应勇出席并讲话。市委副书记尹弘，市委常委、常务副市长周波，市委常委、市委秘书长诸葛宇杰出席。
座谈会上，上海微创医疗器械（集团）有限公司常兆华，奥盛集团有限公司汤亮，上海均瑶（集团）有限公司王均金，复星国际有限公司郭广昌，东方希望集团有限公司刘永行，云锋基金虞锋，上海众人网络安全技术有限公司谈剑峰，上海极链网络科技有限公司金明，上海港湾集团徐士龙，上海易清智觉自动化科技有限公司王仁杰等分别发言，介绍企业发展实际以及当前面临的主要困难，并就放宽市场准入、降低企业成本、加大金融支持力度、加强知识产权保护、推动创新研发、落实人才政策等提出了有针对性的意见建议。李强、应勇等认真倾听记录，就共同关心的问题与大家深入交流讨论，对上海民营企业为全市经济社会发展作出的重要贡献给予充分肯定。李强说，市委、市政府历来重视民营经济的健康发展和民营企业家的健康成长，对大家提出的意见建议将认真研究、积极采纳，不断推动工作改进，为企业发展创造更好环境。
李强指出，民营企业是上海经济社会发展不可或缺的重要力量，是上海城市经济活力的重要体现，近年来发展呈现良好态势，在稳定增长、促进创新、增加就业、改善民生等方面发挥了重要作用。我们要按照习近平总书记的重要指示精神，贯彻落实中央决策部署，一如既往关心支持民营企业发展。当前外部环境复杂多变，要切实解决民营企业发展面临的突出问题，拿出实实在在的举措，进一步加大帮扶力度。
李强强调，要做好服务保障，持续深入优化营商环境，大力推进政务服务“一网通办”，努力当好服务企业的“店小二”，有求必应、无事不扰，把营商环境打造成为上海的重要软实力和核心竞争力。深入基层一线，上门倾听企业意见，为企业雪中送炭，让企业心无旁骛谋发展。欢迎企业通过各种渠道反映实际情况、帮助查找问题。要抓好政策落实，强化政策执行，加强政策配套，确保政策落地见效，让企业有更多获得感。要营造公平竞争的市场环境，全面梳理各领域市场准入情况，坚决废除各种不合理的规定，加快消除各种显性隐性门槛，努力做到各类企业一视同仁、公平竞争。
李强指出，当前，上海正在加快建设“五个中心”、卓越的全球城市和具有世界影响力的社会主义现代化国际大都市，全面提升城市能级和核心竞争力。希望民营企业共同努力，在这些大战略、大平台上实现更大发展，作出更大贡献。要坚定发展信心，保持发展定力，以百折不挠的精神从容应对困难和挑战，踏踏实实办好企业。要在主业上有强项、有优势，推动资源向主业集中，聚焦主业推进转型升级，加快向产业链、价值链上游进军。要坚定走创新发展之路，加强核心技术研发，加快成果转化利用，不断提高产业核心竞争力。
应勇在讲话时指出，非公有制经济作为我国基本经济制度的重要组成部分，其重要性不言而喻；民营经济作为上海经济社会发展的重要力量，其对上海发展的重要性不言而喻。我们要全面贯彻落实党中央、国务院决策部署，坚定不移构建“亲”“清”新型政商关系，坚定不移构建平等市场主体地位，持续用力推进减税降费，持续用力优化营商环境，帮助民营企业解决实际困难，支持民营企业创新升级、发展壮大。
部分区商会、行业商会负责人也参加了座谈会。
责任编辑：李锋 
			",10-25 21:55
8,特斯拉三季报暴击两大做空理由 开盘大涨11%！,"美国当地时间10月24日周三美股盘后，特斯拉公布了2018年第三季度（Q3）财报，并召开了财报电话会议。
Q3特斯拉的财报缓解了市场的两大疑虑，一个是Model 3的产量和交付量问题，Q3该车型平均每周生产4300辆，交付量环比大增203.8%。另一个是公司紧张的现金流问题，该季度末自由现金流达到8.81亿美元，经营活动产生的现金流量净额由负转正，达到13.91亿美元，并且有分析认为，特斯拉可能将不需要再向资本市场融资。
25日周四，特斯拉开盘即大涨11%。
特斯拉财务数据显示，公司Q3营收达到68.24亿美元，同比增128.6%，高于分析师预期的63.1亿美元。归属普通股股东净利润为3.12亿美元，相比之下去年同期归属于普通股股东的净亏损为6.19亿美元，经调整后，净利润为5.16亿美元，超分析师预期。
受此消息影响，公司盘后大涨9.81%。
不过，该季度Model 3靓丽的产量和交付量毕竟是突击冲刺的结果，后续还要关注产量稳定性，并且这也影响了公司豪华车型的交付量，产生了“拆东墙补西墙”的问题。
由于Model 3产销量规模的持续扩大，规模效应逐渐显现，Q3公司整体营业成本和运营成本大幅下降，各项业务毛利率水平继续改善，尤其是汽车业务毛利率由Q2的18.9%大幅提升至25%，但是汽车业务成本同比大增151%，占营收比小幅提升至64.6%。
有投资者认为，鉴于马斯克一贯的“激进”风格，特斯拉很有可能是在财务状况刚好一些的时候就马上推出新的产品吸引消费者和资本市场注意。不过此次财报电话会议上，马斯克表现颇为冷静，不再提出激进的汽车生产目标，只是预计全球对Model 3的需求是一年50万到100万辆之间。
以下是Q3财报的详细解读：
Model 3推动营收大增，但豪华车交付量减少
Q3特斯拉在营收和净利方面表现出色，营收在Model 3交付量的大幅增加情况下，达到创纪录的68.24亿美元，同比增128.6%。
据财报显示，Q3特斯拉共交付70000余辆汽车，其中交付56065辆Model 3，环比大增203.8%；其余为Model S和Model X，约13944辆，同比降46.2%，可能是公司6月份搭建“帐篷”增加装配线、从其他部门借调员工冲刺Model 3产量目标所致。
同时高端产品Model S和Model X交付量大降也导致公司三款汽车产品平均售价继续降低。免责声明：自媒体综合提供的内容均源自自媒体，版权归原作者所有，转载请联系原作者并获许可。文章观点仅代表作者本人，不代表新浪立场。若内容涉及投资建议，仅供参考勿作为投资依据。投资有风险，入市需谨慎。










			责任编辑：霍琦 
			",10-25 21:51
9,潘功胜:加大尽职免责力度 使银行愿向小微企业放贷,"潘功胜：要加大尽职免责落实力度，使银行愿向小微企业放贷
张琼斯/中国证券网
潘功胜 资料图
中国人民银行副行长潘功胜25日中国民生银行小微金融十年展望主题活动上表示，小微金融是我国金融服务业的短板，是金融服务实体经济的薄弱环节，也是我国金融业供给侧结构性改革的重点内容。做好小微企业金融服务、提高金融的普惠性是提升金融服务实体经济的迫切需要，也是金融业自身战略转型的核心。
潘功胜指出，商业银行是服务小微企业的主体。要完善商业银行内部绩效考核、收入分配政策、内部资金转移定价政策等，要加大尽职免责落实力度，使基层银行愿放贷；还要合理安排内部信贷资源配置，积极探索运用现代技术手段，提升小微客户获取信贷投放的效率，使基层银行会放贷。
潘功胜表示，小微金融服务是世界性难题，与商业银行传统信贷有所不同。做好小微金融服务，需要很强的专业技术和优秀的客户经理队伍，需要坚持不懈，久久为功。（原题为《潘功胜：要完善商业银行内部绩效考核 加大尽职免责落实力度》）责任编辑：李锋 
			",10-25 21:49
10,好未来二季度业绩强于预期 大涨10%,"好未来二季度营收和净利润数据均强于华尔街预期，但营收增速、经营利润率和净利润率均创下近年来同季度新低。
10月25日周四，好未来公布其截至2018年8月31日的2019财年第二季度未经审计财务报告。财报显示，好未来本财季收入为6.998亿美元，同比增长53.3%；净利润为7700万美元，同比增长29.5%。
好未来营收和净利润数据均强于华尔街预期。
此外，好未来宣布，经过董事会批准，将在未来12个月内回购价值1亿美元的普通股。
周四开盘，好未来大涨超10%。
但是，好未来二季度营收增速、经营利润率和净利润率均创下近年来同季度新低，新增实体教学网点增速依然维持低位。周四盘前，好未来股价一度跌超6%。
以下是好未来2019财年第二季度业绩摘要：
好未来营收营收近7亿美元，从增速上来看，和上两个财年二季度的增速相比，本次披露的二季报增速最慢。
从好未来的经营利润和成本拆分来看，好未来本财年二季度的经营利润率为近年来最低。同时，2019财年二季度好未来销售费用同比增长近160%，为近年来单季度最高增速。好未来对此的解释是好未来本季度有更多的市场推广活动，以增加客户基数以及品牌认知度。同时市场推广雇员和项目也同比出现大幅增加。
好未来经营成本和其他费用增速较为稳定。
好未来2019财年二季度实现净利润7622.5万美元，净利润率为11%，同样创下近年来二季度新低。
从学生数来看，好未来2019财年二季度学生数大幅增长120%至493.7万人。
二季度，好未来增加了18个实体教学网点，比上季度增加了18家。在经历了两个财年的急速扩张之后，好未来实体教学网点增速在这两个季度明显放缓。
在今年6月创下股价新高后，好未来股价一路走低，目前依然在下降通道。周三，好未来股价下跌1.6%，报收22.74美元。
本周二盘前，另一家教育巨头新东方发布财报，由于利润不及市场预期，新东方当日股价大跌16%，领跌中概股。免责声明：自媒体综合提供的内容均源自自媒体，版权归原作者所有，转载请联系原作者并获许可。文章观点仅代表作者本人，不代表新浪立场。若内容涉及投资建议，仅供参考勿作为投资依据。投资有风险，入市需谨慎。










			责任编辑：霍琦 
			",10-25 21:48
11,A股进入三季报“雷区” 急练三招避踩“业绩地雷”股,"小心，A股进入三季报“雷区”，白马股也会“引爆”！急练三招避踩“业绩地雷”股
来源：火山财富
原创： 每经记者 
近期“业绩地雷”频频引爆影响股价
由于近期诸多政策利好频传，而A股市场股票质押风险也有所缓和，今日，A股相对海外股市走势也难得地没有出现跟跌。不过，火山君（微信公众号：huoshan5188）注意到，市场又一个风险点正在逐渐浮出水面。
在今年一季度的年报披露窗口期，由于格力电器不分红让市场感到意外，伊利股份年报业绩不及市场预期，这两只在过去一年中股价都十分坚挺的白马股“跌落神坛”，同时也带动了相关板块的调整。
让火山君觉得忧虑的是，这一现象最近又有了出现的明显迹象。
“现在的市场下，似乎只要三季报业绩有一点低于预期，股价就会有明显的反映。”上海某私募副总向火山君这样说道。
据火山君（微信公众号：huoshan5188）观察，最近，市场上的一批白马股如万华化学、通化东宝、水井坊、涪陵榨菜、海康威视等频频出现跳水走势，甚至万华化学、通化东宝还出现了“一字板”跌停，究其原因就是因为这些个股今年三季报业绩不及市场预期。
除万华化学、通化东宝、海康威视等个股的三季报业绩明显降速外，水井坊、涪陵榨菜等虽然三季报业绩依然靓丽，但市场却盯住了其三季度单季收入有所降速的情况。其中，水井坊今年前三季度净利润同比大幅增长90.15%，扣非归母净利润4.90亿元，同比更是大幅增长97.73%，其第三季度的业绩增速尽管回落到了50%左右，但仍然不失靓丽。即便如此，这短短一个季度的业绩放缓仍然导致公司股价在三季报发布当天大跌9%。有行业分析师认为，水井坊三季度的业绩降速应是当天白酒股大跌的导火索之一。
而三季报业绩同样靓丽的涪陵榨菜，在昨晚公布完三季报后，今日开盘竟大幅低开近5%，盘中一度跌幅逾8%。究其原因也是三季度收入增速“略低于预期”。今年前三季度，公司实现营业收入15.45亿元，同比增长25.94%；实现净利润5.23亿元，同比大幅增长72.16%；不过，第三季度收入增速下降至11%。对此，国泰君安今日发布研报称，涪陵榨菜三季度收入增速放缓主要是今年上半年部分经销商库存水平较高、三季度消化渠道库存导致，但公司盈利能力延续高位运行，三季度公司净利率达历史最高水平。
火山君（微信公众号：huoshan5188）还注意到，即使是此前已有较大跌幅的中小创个股，对业绩情况也同样敏感。昨晚公布三季报的埃斯顿，券商给的评价是“三季报略低于预期”，不过今天公司股价仍然以跌停给予了回应。
此外，还有部分上市公司虽然三季报业绩尚可，但全年业绩预告则被市场解读为不及预期，如昨晚海格通信发布了三季报，今天公司股价一度跌停。中金公司认为，海格通信三季报业绩符合预期，但全年业绩指引低于预期。
三招规避开“雷区”中的“业绩地雷”股
从10月26日起，A股市场就将进入上市公司三季报披露的最高峰，据Wind资讯统计，10月26日~31日，两市将有2735家公司公布三季报，占全部A股数量的近八成。对此，火山君（微信公众号：huoshan5188）也不禁感到头疼，三季报密集发布阶段犹如一个“雷区”，在“雷区”行走如何能避免踩中可能引爆的“业绩地雷”股呢？
招数一、在三季报披露前按兵不动
从上述股价出现“跳水”走势的个股看，都缘于三季报业绩不及市场预期。那么如何通过提前预判业绩来规避风险呢？对此，上述上海某私募副总认为“这对研究能力是很大的考验。”
某券商策略首席也对研判具体哪个行业、哪个个股的业绩显得有些无可奈何，“从策略层面看，我们很难做这个判断，我们只能看板块和细分行业的盈利情况，个股需要跟踪各行业的行业分析师去‘排雷’。”
从专业人士的说法看，普通股民要想准确提前把握各行业具体个股的业绩情况怕是难上加难了。
不过，另一位上海私募的副总经理就建议，“既然很难判断，那就先不买，等待‘靴子落地’再说。”
招数二、关注业绩预期已充分反映的板块
同样是白马股，火山君（微信公众号：huoshan5188）就奇怪了，老板电器昨晚公布的三季报业绩情况同样不怎么样，第三季度业绩罕见地出现同比下降，怎么公司股价并没有出现剧烈波动？究其原因，原来老板电器的“业绩地雷”最早在发布2017年业绩快报及今年一季报业绩预告的时候就曾“引爆”过，当时老板电器股价曾出现连续两个跌停。因此此次三季报披露后，市场的承受能力显然有所增强。从股价来看，今日老板电器股价大幅低开6%，不过随后便逐步回升，截至收盘仅小幅下跌1.22%。
而这一现象在最近的券商板块表现得更为明显。10月24日，券商板块的首份三季报正式披露。据山西证券三季度披露，公司前三季度业绩同比下降69.4%，其中第三季度业绩仅有577.36万元，同比下滑达95.93%。
除山西证券外，此前还有7家上市券商发布了2018年前三季度业绩预告及快报，各家券商前三季度预告业绩同比下滑幅度均超五成。今年来由于市场因素，券商业绩呈现逐季走低的特征，之前券商股股价不断走低也就对此有了较为充分的体现。据Wind资讯统计，截至10月18日，券商板块内有多达14只个股处于破净状态。
由于市场对券商业绩不佳已有较充分预期，叠加最近政策利好集中出现，近期券商板块市场表现抢眼。与此同时，业绩下滑明显的山西证券也因“利空出尽”走出连续上涨行情。
招商证券非银金融行业首席分析师郑积沙今日下午指出，今年券商板块三季报的业绩可能是最黑暗的时候，但从全年来看，随着股票质押风险的逐步缓解，今年券商板块全年的业绩有望较前三季度有所改善。
招数三、适当规避外资持股比例较高的个股
海螺水泥昨晚发布了三季报，今年前三季度，公司业绩同比大增111.2%。对此，多家券商在今日的业绩点评中用了“超预期”的字眼。
但今日海螺水泥股价表现却“不及预期”，今日早盘一度“跳水”近7%，截至收盘时还大跌4.5%。“今天海螺水泥股价受了海外市场影响，可能有外资在卖。”某建材行业首席向火山君表示。火山君（微信公众号：huoshan5188）注意到，最近港股市场的几大水泥龙头都出现“跳水”行情，华润水泥、亚洲水泥近三天股价跌幅都较大。其中亚洲水泥近三日跌幅近20%。
据Wind资讯显示，10月22日~24日，沪（深）港通北向资金连续3日净减持海螺水泥，近期北向资金持股占公司全部流通股的比例最高达10%，而截至10月24日，这一比例降至9.37%。
火山君还注意到，另据Wind资讯统计，今年10月以来，此前一直对A股“买买买”的北向资金启动了减持模式，截至10月25日，沪股通在本月净流出128.7元，深股通净流出47.6亿元，均创出年内净流出额之最。
值得注意的是，从上周以来，北向资金持股比例较高的A股中有不少遭到了北向资金的减持。据统计，截至10月15日，北向资金持股比例超5%的A股有51只，到了10月24日，其中有28只个股出现北向资金持股比例下降。其中持股比例下降幅度大的公司为三花智控、恒瑞医药、水井坊、聚光科技、王府井、海康威视等。
有机构对此分析认为，10月以来北向资金的净流出与海外市场的波动可能有一定关联，在海外市场波动大的时候，部分外资可能出于通盘的考虑，对此前A股的仓位进行调整。免责声明：自媒体综合提供的内容均源自自媒体，版权归原作者所有，转载请联系原作者并获许可。文章观点仅代表作者本人，不代表新浪立场。若内容涉及投资建议，仅供参考勿作为投资依据。投资有风险，入市需谨慎。










			责任编辑：高艳云 
			",10-25 21:47
12,新并购重组审核委员会45候选人出炉 85后年轻人上榜,"新一届并购重组审核委员会45名候选人出炉，85后年轻人上榜！
原创： 每经记者 火山财富
10月25日，证监会官网消息称，根据《中国证券监督管理委员会上市公司并购重组审核委员会工作规程》相关规定，证监会已启动并购重组审核委员会换届工作，相关单位已经按照规定的程序、条件和要求组织推荐并购重组委委员候选人。
从10月25日至10月30日，各单位推荐的本次并购重组委委员候选人名单已在证监会官网进行公示。火山君发现，本届并购重组委员会候选人共有45名，既有来自证监会、地方证监局、交易所的人士，也有券商、公募基金、私募基金等机构人士，还有来自会计师事务所、律师事务所、资产评估机构的专业人士，可谓是阵容豪华。
具体而言，45名候选人来自11大类领域。既有从事监管工作多年的专业人士，也有券商、公募、私募等市场中坚力量，也有会计师事务所、律师事务所等重要第三方。
候选人中，来自证监会机关4名、地方证监局6名，证券交易所10名，国家部委2名，高等院校2名，证券公司3名，创投基金3名，私募基金3名，公募基金3名，律师事务所3名，会计师事务所3名，资产评估机构3名。
年龄构成上来看，70后为本次并购重组委员会候选人主力。3名50后、10名60后、25名70后、7名80后。年龄最大的候选人是来自浙江大学计算机科学与技术学院的陈纯博士，他同时也是中国工程院院士、教授，出生于1955年12月。年龄最小的是来自中审众环会计师事务所的合伙人李慧，出生于1986年11月。
专业构成来看，本次45名候选人既有传统的经济师、会计师、律师，也有某些特定领域的专家。如来自国家部委的两名候选人分别是科技部重大专项办公室的副主任杨哲，其专业为生物医学工程；以及科技部高新技术发展及产业化司副巡视员梅建平，其专业为无线通信。
证监会机关的4名候选人分别为证监会法律部诉讼复议处处长孙 磊、证监会会计部综合处处长邱昱芳、证监会法律部法规处处长范雪旺、证监会会计部制度处处长夏文贤。
来自券商的3名人士分别为华泰联合的投资银行业务线董事总经理张东、广发证券副总裁张威、中信建投董事总经理相晖。
来自公募基金的3名人士分别为博时基金董事总经理兼股票投资部总经理李权胜、招商基金副总经理沙骎、工银瑞信研究部副总监修世宇。
来自私募基金的3名人士分别为弘毅投资的董事总经理陈帅、中信产业投资基金管理有限公司的首席财务官聂磊、鼎晖投资的高级执行董事徐茜。
本届并购重组委员会候选人名单如下表所示：
证监会提示，公众对上述公示的并购重组委委员候选人如有需反映的问题，请于2018年10月30日（公示期5天）24：00前通过传真或电子邮件的方式提出。反映情况必须坚持实事求是、客观公正的原则。凡以单位或部门名义书面反映问题的，应当加盖公章；以个人名义反映问题的，应当注明真实姓名、所在单位（部门）及联系方式，便于相关部门进一步核实情况。
每经记者 王砚丹
投资有风险，独立判断很重要
本文仅供参考，不构成买卖依据，据此入市风险自担。责任编辑：高艳云 
			",10-25 21:43
13,整合海免 中国国旅对免税业务依赖愈陷愈深?,"整合海免，中国国旅对免税业务依赖愈陷愈深？
郑艺佳
新京报快讯（记者郑艺佳）近日，海南另一大免税品企业海免公司的51%股权，将无偿划给中国旅游集团。而中国旅游集团控股的中国国旅，将有望成为海免公司的控股股东。经此一举，中免将成为海南离岛免税唯一的运营商，中国国旅免税业务龙头地位进一步巩固。然而，如此利好下，近日中国国旅的股价却依然保持下行态势。
整合海免，巩固免税业务龙头地位
10月22日，中国国旅发布公告，宣布控股股东中国旅游集团已与海南省国有资产监督管理委员会（以下简称“海南省国资委”）签订协议，以换股形式，将海南省国资委所持有的海南省免税品有限公司（以下简称“海免公司”）51%股权无偿划转给中国旅游集团。
在本次无偿划转完成后，中国旅游集团将持有海免公司51%股权，成为海免公司的控股股东。下一步，中国旅游集团将开始着手将这部分海免公司的股权注入中国国旅，这也就意味着中国国旅或将成为海免公司的控股股东。
日前，因《中国（海南）自由贸易试验区总体方案》出台，引发外界传言“发放更多免税牌照”，令中国国旅短短几天内股价遭遇重挫。10月17日中国国旅大幅跳水，并连续两个交易日跌停。
在发布此次海免公司无偿转让公告后，中国国旅股价虽一度回归本周最高点，但整体依然延续下行走势。但不可否认的是，此次与海免公司的联姻，令中国国旅在海南免税市场的地位得到空前巩固。西部证券分析指出，这将令中国国旅旗下中免成为海南离岛免税唯一的运营商，未来海口、博鳌等新增免税店将使得中免独家受益。
据海口海关统计，今年1-6月，海口海关共监管三亚、海口两家离岛免税店销售免税品52.5亿元。其中，三亚免税店为中国国旅旗下，海口免税店为海免公司旗下。2018年上半年，三亚免税店实现免税业务收入40.32亿元；海口免税店收入约在12亿元左右。此次交易结束后，中国国旅免税业务版图将更上一个台阶。
中国国旅免税业务或将继续整合集中
外部传言下，此次海免公司股权无偿转让无疑是对中国国旅免税业务龙头地位的一颗定心丸。随着海南自由贸易试验区、国际旅游岛建设进程的推进，海南已然成为国内免税业务的“排头兵”。有分析指出，目前中免在国内市场已形成绝对垄断。可以想见，在整合海免公司后，中国国旅更是“独孤求败”。而业内认为，中国国旅的免税业务将进一步集中。
今年7月，国资委年中会议上提出要加快推进免税业务专业化整合。国君社服分析师刘越男分析表示，中免集团有望借此继续提高市场份额。此次整合海免是否也是出于此类原因，业内仍莫衷一是，但中免的免税业务也的确在借助并购重组等方式不断扩大。
近年以来，中国国旅动作频频，例如与海免建立合资公司、收购日上、中标香港国际机场烟酒标段、收购日上上海、联手泰国皇权集团（香港）等等，不断提高市场份额。刘越男表示，行业的集中度提升会给龙头带来的明显的规模效应，在与上下游的谈判中都会有更强的议价能力，免税巨头可以在这两方面减少支出，从而使利润率进一步增长。
一方面是市场占有率难以匹敌，另一方面由集中度带来的价格优势，也令国内其他免税运营商难以企及，再加上中免“出海”战略。接下来中国国旅免税业务将走向何方，仍存广阔想象空间。
免税业务依赖症“滚雪球”
对于此次海免公司股权转让，尽管多家券商看好前景，但就目前来看，中国国旅整体股价表现依然疲软。截至10月25日收盘，中国国旅涨1.64%，报56.38元，微高于10月17日跌停时收盘价。
长期以来，中国国旅因依赖免税业务而饱受诟病。今年上半年，中国国旅来自免税商品销售的营收达到149.5亿元，占总营收的70.89%，是拉动公司整体业绩表现的引擎。与免税业务相对的，今年上半年中国国旅旅游服务业的营收为54.3亿元，同比仅微增0.48%，几乎陷入停滞。
然而，随着包括此次海免公司在内的不断整合，中国国旅在免税业务版图不断扩大同时，自身业绩也在不断加深对其的依赖。此前中国国旅股价跌停，也是因其维持垄断地位的根基——免税牌照稀缺性受传言冲击所致。有分析指出，这也是为何在如此利好下，中国国旅股价近日依然保持下行的原因。
旅游专家王兴斌表示，中国国旅几乎一举垄断国内免税品行业的现状，未来肯定是需要被打破的，这样免税行业才能得到更好的发展。在此背景下，若未来免税牌照“松口”，留给中国国旅免税业务的出路也颇为明确。一位业内人士表示：“如果放开牌照，要么一直维持垄断地位，要么趁现在尽量把体量做大，到时候就算受冲击了也有底子可以耗。”责任编辑：高艳云 
			",10-25 21:39
14,德拉吉不够鸽派 欧元涨德债跌,"北京时间10月25日晚8：30，欧盟央行行长德拉吉在7：45发布了（各方面均按兵不动的）10月利率会议决策后，举行了记者会。
市场认为德拉吉“不够鸽派”，目前欧元兑美元微涨，德国债券收益率抬升。
昨日公布的欧洲PMI数据一度令市场担忧今晚的欧洲央行决议和德拉吉记者会上会有“惊喜/吓”。欧洲经济进一步放缓，10月PMI在9月54.1的基础上跌到了52.7，昨日欧元一度大跌。 
“个别国家”的问题而已
德拉吉的发言中，透露出他个人认为欧盟目前的经济放缓是因为“个别国家”没扫好自己门前雪、是“特殊情况”，比如德国的传统行业汽车产业受全球车市寒冬和新排放标准的双重重击、比如欧盟目前面临的国际贸易和地缘政治的不确定性（意大利的政府预算案、英国可能无协议脱欧等）。
这意味着，ECB不会为这些“暂时”的情况准备战略上的大规划，更绝对不会改变12月底终止QE的安排。
意大利火药桶
作为意大利人，德拉吉在发布会上被数个记者问到意大利相关的问题。他认为，意大利的问题是一个财政问题，从他个人的角度，他很有信心看到意大利政府最终和欧盟达成协议。
随着意大利政府超欧盟规制、被欧盟打回的2.4%预算事件持续发酵，意大利BTP债券和德债Bund的基差已经扩大到奔400点，一旦打到400点，意大利整个银行体系将面临巨大资产质量压力。
欧盟央行ECB不会轻易跳出来做意大利的救世主，但央行的确有能力让意大利（以及与德债利差同样在飙升的伊比利亚半岛其他国家）日子好过或者难过一些，因此投资者密切关注德拉吉的言论。
通胀的情况
德拉吉称，委员会的讨论表明通胀并未发生多少变化。薪资上涨不是暂时的。 没有理由怀疑我们在控制通胀方面（官方目标2%）的信心。
央行独立性非常重要
德拉吉在回答FT的问题时，再次强调了维持央行独立性的重要。
ECB关注的是欧盟区价格的稳定性，货币政策的稳定性。免责声明：自媒体综合提供的内容均源自自媒体，版权归原作者所有，转载请联系原作者并获许可。文章观点仅代表作者本人，不代表新浪立场。若内容涉及投资建议，仅供参考勿作为投资依据。投资有风险，入市需谨慎。










			责任编辑：霍琦 
			",10-25 21:39
15,开盘：昨日重挫后美股周四高开 道指上涨160点,"新浪美股讯 北京时间25日晚，美股周四高开，部分挽回了昨日重挫造成的损失。昨日美股尾盘跳水，使道指与标普500指数失去了今年所获涨幅、纳指在两年来首次跌入回调区域。
美东时间10月25日09：30（北京时间10月25日21：30），道指涨157.63点，或0.64%，报24741.05点；标普500指数涨21.21点，或0.8%，报2677.31点；纳指涨97.40点，或1.37%，报7205.81点。
最近以来，对全球经济增长放缓、美联储继续加息以及企业盈利下滑等诸多因素的担忧情绪，使美股市场备受打击。
周三道指收跌608.01点，或2.4%，收于24，583.42点。标普500指数收跌84.59点，或3.1%，收于2，656.10点，为连续第6个交易日收跌。
纳指周三收盘暴跌329.14点，或4.4%，收于7108.4点，使该指数从8月29日创造的历史最高值下跌幅度超过10%，符合广泛使用的回调定义。这也是自2011年8月18日以来的最大单日跌幅。
10月至今，标普500指数已累计下跌8.9%，道指下跌7.1%，纳指已下跌11.7%。
截至周三收盘，道指已经完全失去今年所获涨幅，并使该指数在今年至今下跌了0.6%。道指也可能录得连续第五周下跌，为2008年7月11日以来的最长连续下跌周数。
标普500指数今年至今的已累计下跌0.7%。
市场驱动力量是什么？
在周三美股暴跌后，市场情绪似乎并不那么悲观，但不确定性因素仍然笼罩市场。投资者正在努力应对全球经济增长放缓前景以及货币政策变化带来的焦虑气氛，美股市场也试图在10月连续重挫后站稳脚跟。
源源不断涌现的财报仍是市场焦点。至少将有66家标准普尔500成份公司以及两家道指成份公司在周四发布财报。诸如特斯拉（TSLA）等公司公布的强劲财报可能会为投资者带来一丝安慰。
经济数据面，美国劳工部宣布，截至10月20日当周美国首次申请失业救济人数为21.5万，符合预期。前值修正为21万。美国10月13日当周续请失业救济人数为163.6万，预期164.4万人。
美国上周持续领取失业金人数创四十五年以来新低，表明就业市场情况正在持续收紧。劳动力市场继续收紧伴随着经济稳健发展，很可能使美联储在12月再次加息。
欧洲消息方面，欧洲央行周四宣布维持当前的关键利率水平不变，直至确保欧元区核心通胀水平继续在中期内低于并不断靠近2%的目标。欧央行还表示将至少在2019年夏季结束前维持利率不变。
焦点关注个股
电动汽车生产商特斯拉（TSLA）股价大涨，此前该公司宣布收获了公司历史上的最大季度盈利。
康卡斯特（CMCSA）股价走高，此前该公司宣布第三季度新增36.3万名互联网用户，并宣布旗下NBCUniversal的营收意外强劲增长。
推特（TWTR）股价攀升，该公司宣布第三财季盈利与营收均超出预期，但每月活跃用户数量减少9%，降幅超出分析师预期。
雷神（RTN）第三财季盈利与销售收入超出预期，推动其股价攀升。
奥驰亚（MO）股价小幅走低，该公司宣布营收与盈利超出预期。但为了解决未成年人吸烟问题，公司拟将某些电子香烟产品下市。
AMD（AMD）股价继续下跌，延续了昨日重挫趋势。这家公司宣布营收不及预期，并且给出的业绩展望也低于市场水平。
Merck（MRK）宣布盈利低于预期，并下调了2018财年业绩目标。
康菲石油（COP）宣布第三财季盈利超出预期。其股价小幅下跌。
周四收盘后，亚马逊（AMZN）、谷歌的母公司Alphabet（GOOG）以及Chipotle Mexican Grill（CMG）等公司将公布财报。
市场分析师点评
券商Capital Economics分析师周四发布的研报称：“重新声明，我们认为财政刺激政策的效果消退、美联储的收紧货币政策措施，将很快对美国经济增长造成压力。”
其他市场表现
继昨日美股惨遭血洗后，亚洲股市周四继续下滑。日经225指数创逾6个月新低，韩国综合指数回撤2.3%，较1月29日创出的年内高点下跌约21%，濒临熊市边缘；澳洲股市收跌2.83%，创逾一年新低。责任编辑：张俊 SF065
			",10-25 21:31
16,因盈利好于预期及重组计划的披露 福特股价上涨超4%,"新浪美股讯 据CNBC消息，福特股价周四上涨超过4%，此前该公司周三晚发布的业绩好于预期。
首席执行长哈克特（Jim Hackett）承诺将详细披露公司重组和提高效率的计划，投资者似乎受到了鼓舞。
福特将在“未来几周和几个月”举办几场活动，届时它将分享更多关于哈克特110亿美元的扭亏为盈计划的信息。哈克特曾广泛表示，有必要提高公司的“适应性”或效率，但投资者有时对福特缺乏透明度和透明度表示失望。
自今年年初以来，该汽车制造商的股价已下跌约34%。
加拿大皇家银行（RBC）分析师约瑟夫·斯帕克（Joseph Spak）在周四发表的一份报告中说：“看来哈克特明白华尔街需要更多的信息才能对他的计划感到满意，因此他暗示，在不久的将来，将有许多投资者活动计划进行。”
分析师称，尽管一些关键指标与去年同期相比有所下降，但福特第三季度的业绩仍然稳健。北美卡车销售强劲，帮助抵消了乘用车销量下滑、原材料成本上升等影响。
CFRA分析师加勒特·尼尔森（Garrett Nelson）表示：“调查结果显示，消费者对北美的关注有所增强，对卡车和suv的关注也有所增强。”尼尔森对该汽车制造商维持其每股1.30美元至1.50美元的全年盈利预期感到惊讶，并称预计获利将在该区间的低端。
该公司仍面临众多方面的挑战，包括材料成本上涨，供应和新关税销售受到威胁以及国际业务陷入困境等风险。责任编辑：霍琦 
			",10-25 21:28
17,"沪指""免疫""美股下跌 白马股下跌或意味着指数见底","大A能否走出独立行情？茅台的这个关键信号必须关注
周四，上证综指全天低开高走，无惧隔夜美股暴跌，走出了一波独立行情。特别是在沪股通资金全天净流出27.43亿元的情况下，大金融板块依然成为力挺沪指收红的支点，充分彰显了境内资金对行情的主导作用。
展望后市，今天的这波反弹能够延续吗？这里有个信号你需要关注。
沪指“免疫”美股下跌
周四早盘，受外围市场暴跌及亚太股市普遍开盘走低的拖累，沪深两市大幅低开。开盘后，金融股略有表现，地产板块也走强助推。随后，指数陷入震荡整理，领涨龙头小幅回落。午后，三大股指横盘震荡，13时40分起，权重板块再度发力，沪指强势翻红，收复2600点关卡，在全球市场一枝独秀。
截至收盘，上证指数报2603.80点，上涨0.02%；深证成指报7529.41点，下跌0.21%；创业板指报1273.60点，下跌0.82%。沪深两市合计成交额2926亿元，较前一交易日持平。
再看外盘，当地时间24日，美股市场全线大跌，截至收盘三大股指跌幅在2.4%至4.43%不等。其中，道指下挫逾600点。至此，标普500指数及道指已回吐年内全部涨幅。亚太股市则接力美股大跌：日经225指数大跌3.72%、韩国综合指数收跌1.63%、孟买Sensesex30指数跌1.01%、恒生指数跌逾1%。
分析人士指出，不同于美股股价处在高估值区间，A股目前处于估值的底部区域，叠加“政策底”的明确，使得市场信心恢复，这是A股今日走强的主要原因。
盘面上的最大亮点仍是大金融板块，尤其是午后券商股、银行股的大幅拉升，在市场企稳中起到了“定海神针”的作用。
券商股板块中，国海证券、中原证券、太平洋、西南证券等近10只券商股集体涨停；银行股板块中，张家港行大涨9.22%，无锡银行涨逾5%。
市场人士认为，大金融板块有确定的业绩增长作为基础，加上估值较低，在市场低迷中展现了较好的持仓安全性。就走势而言，保险及银行板块中的龙头公司已提前脱离了底部区域，成为重要的护盘力量。
境内资金主导性增强
值得一提的还有，资金面上，沪深两市两融余额已连续3日回升。
Choice数据显示，截至24日，沪深两市两融余额为7746.3亿元，较上日增加3.14亿元。
具体到个股层面，24日融资净买入资金主要布局券商板块。连续涨停的国海证券24日融资净买入1.12亿元，高居榜首；紧随其后的是太平洋，获融资净买入1.03亿元；此外，广发证券也获得融资净买入逾8000万元，海通证券融资净买入逾3000万元。
另一方面，境外资金却在流出。
借道沪深股通的北向资金继续保持净流出态势，与美股大跌的节奏保持一致。盘后数据显示，沪深股通合计净流出36.02亿元，其中沪股通净流出27.43亿元，深股通净流出8.59亿元。
具体来看，近日被持续杀跌的白马股是北向资金的集中卖出对象。
沪股通标的中，贵州茅台被净卖出9.27亿元，海螺水泥、恒瑞医药分别被净卖出6.95亿元和4.77亿元；深股通标的中，格力电器净卖出2.75亿元，海康威视净卖出逾9000万元。
茅台股价创一年多新低
月线级别上一直岿然不动的贵州茅台，近期毅然加入跳水行列。在本周二大跌7.4%之后，今日再度下跌2.82%，股价创下了一年多的新低，距离前期高点已然回撤超过了20%。
不过有人却对此倍感欢欣鼓舞，因为市场上一直流传着“白马不死，熊市不止”的说法，每一轮熊市的末期都是以贵州茅台等优质白马股倒下为标志。
2005年6月6日，上证指数跌破1000点，创下998.22点的新低。在大盘见底的前一个月中，贵州茅台的确有所调整，自2015年5月6日到2015年6月6日一个月中，贵州茅台下跌了15.76%。
2005年5-6月茅台股价走势
但贵州茅台还不是最惨烈的，在2005年大盘见底前一个月中，白马股中的万华化学跌幅高达28.08%，福耀玻璃下跌了20.4%，康美药业下跌18.8%，山西汾酒下跌18.4%，复星医药下跌16.6%。
2008年10月28日，上证指数跌至1664.92点，在大盘见底前的一个月中，优质白马股的股价同样遭遇集体塌陷。白酒股首当其冲，贵州茅台大跌28.5%，五粮液大跌24.7%，泸州老窖大跌24.6%。
2008年10-11月茅台股价走势
其它白马股也难免遭遇资金大肆抛售，万华化学大跌34.2%，福耀玻璃大跌33.5%，康美药业大跌21.5%，上海机场大跌34%。
同样，在2013年10月25日，上证指数跌至1849.65新低之后，前期拒绝跟随调整的电子板块，则在大盘见底的前一个月中成批倒下。在2013年9月25日至2013年10月25日的一个月中，顺网科技、朗玛信息和上海钢联等前期领涨个股的跌幅均超过30%，华录百纳、人民网和生意宝等个股跌幅均超过20%。
白马下跌=指数见底？
从逻辑上看，白马股下跌与指数见底的确有着密切的关系。
资深投资经理认为，白马股的下跌是一个信心不断崩塌的过程。优质白马股初期都是拒绝下跌的板块，但随着悲观情绪的弥漫，白马股也再所难免被杀跌。“白马不死，熊市不止”的说法有其合理性，贵州茅台股价创出一年来的新低，大盘大概率已经处于底部区间。
近期白马股走势颇不平静，医药、调味品、白酒、奶制品等前期坚挺的白马股接连下跌，价值投资者迎来了无数嘲讽，也打压了市场信心。
但慧眼识金者往往能在这个季节，以最优的价格拿到心仪的股票。在众人夺路而逃的时刻，如果有幸“做卖方市场少数的出价者”，大概率可以跑赢市场。责任编辑：张恒 
			",10-25 21:23
18,首个化解股票质押风险专项保险资管产品最快本周问世,"上市公司挺住，保险资金来了！ 首个专项产品最快本周问世
原创： 陈婷婷 黄蕾 
上市公司要挺住，“及时雨”保险资金马上就要来了。
距离银保监会主席郭树清“喊话”不到一个星期，保险资金具体驰援股市的相关指引——《关于保险资产管理公司设立专项产品有关事项的通知》（下称《通知》）今日便火速出炉。
上证报记者从业内了解到，多家保险资产管理公司已先期着手研究设立相关专项产品，首个化解股票质押风险的专项保险资产管理产品最快将于本周问世，规模预计超过百亿元。这意味着，保险资金将以实际行动第一时间响应稳定市场的鼓励政策。
市场关心的点普遍聚焦在：
哪些保险资产管理公司可以参与稳定市场的行动？专项产品的投资范围包括哪些？具备哪些资质的上市公司，会得到保险资金专项产品的青睐？专项产品的认购方都有谁？
细则来了：
专项产品可投哪些标的？
《通知》的出台，无疑为接下来保险资金驰援股市指明了方向。
《通知》明确，允许保险资产管理公司设立专项产品，发挥保险资金长期稳健投资优势，参与化解上市公司股票质押流动性风险，为优质上市公司和民营企业提供长期融资支持，维护金融市场长期健康发展。
那么问题来了，哪些保险资产管理公司有资格设立专项产品？专项产品可以投资哪些标的？对此，《通知》都一一进行了解答。
第一，设立专项产品的保险资管公司需要满足以下四个条件：
1、具有规范的公司治理结构、完善的内部控制和风险管理体系；
2、具备发行组合类保险资产管理产品业务资格；
3、最近三年内未因重大违法违规行为、重大失信行为受到行政处罚；
4、银保监会规定的其他条件。
第二，专项产品可以投资哪些标的？
1、上市公司股票；
2、上市公司及其股东公开发行的债券；
3、上市公司股东非公开发行的可交换债券；
4、经银保监会认可的其他资产。
第三，哪些上市公司，会得到专项产品的青睐？
银保监会表示，允许保险资产管理公司设立专项产品，有利于有效支持优质上市公司和民营企业发展。专项产品将按照市场化原则，向有前景、有市场、技术有优势但暂时出现流动性困难的优质上市公司和民营企业提供融资支持，稳定市场预期。
第四，保险资产管理公司是发行方，那么认购方都有谁？
具体来看，专项产品的投资者主要为保险机构、社保基金等机构投资者及金融机构资产管理产品。
第五，这次保险资产管理公司直接设立专项产品，和2014年至2015年期间保险资产管理公司和证券公司联手试点两融业务，有何区别？
据保险资产管理公司人士分析，这次是直接参与，过去是间接参与。最明显的区别是：减少了监管备案环节，缩短了时间周期。这有利于加快保险资金参与化解上市公司股票质押流动性风险的速度。
设立封闭期
规避专项产品“短炒”行为
其实1000多字的《通知》中，值得关注的重点内容有不少。
一是，《通知》表示：“保险公司投资专项产品的账面余额，不纳入权益类资产计算投资比例，纳入其他金融资产投资比例监管。”
横琴人寿资产管理中心副总经理王立川表示，“不纳入权益类资产计算投资比例”在一定程度上有正向引导作用。
中国人寿资产管理公司相关负责人表示，保险公司在关键时刻应当承担一定的社会责任，并将中长期内取得的较好收益回报给保险消费者，使得保费链条产生正循环效应。
数据显示，截至9月末，保险资金运用余额15.87万亿元，投资股票和基金的规模分别为1.30万亿元和0.89万亿元（合计2.19万亿元），占保险资金运用余额的比例为8.17%和5.58%（合计为13.75%）。
二是，《通知》规定：“专项产品应当设定合理的封闭期及产品存续期限。”
某保险公司投资部门负责人分析认为，设定“封闭期”“存续期”等，可以在一定程度上防止保险资金“短炒”、大进大出等现象的发生。响应稳定市场政策，发挥长期价值机构投资者的作用，支持上市公司改善公司治理，提升上市公司价值，维护上市公司长期稳健经营，是此次允许保险资产管理公司设立专项产品的初衷。
西部证券投行总部总经理张亮也表示，保险资产管理公司设立的专项产品属于私募性质的产品，基本上只有保险资金和少数其他机构投资者参与。资产期限是保险资金投资的关键要素之一，明确封闭期和存续期是为了防止“短钱长投”、期限不匹配等问题。具体的产品期限需同投资人协商确定。
三是，《通知》表示：“专项产品主要采取股东受让、上市公司回购、大宗交易与协议转让及其他方式平稳退出。”
银保监会表示，此次强调了专项产品的退出安排，一方面支持保险机构发挥机构投资者作用，维护上市公司长期稳健经营，同时明确了产品的退出安排和方式，确保平稳退出。
一批专项产品正在赶来，
最快本周获批！
上证报记者从业内了解到，多家保险资产管理公司已先期着手研究设立相关专项产品。
其中，首个化解股票质押风险的专项保险资产管理产品目前正在走流程，预计最快将于本周问世，规模超过百亿元，由某大型“中”字头保险资产管理公司设立发行。
此外，平安资产等多家保险资产管理公司向上证报记者表示，正在积极研究设立专项产品，充分发挥保险资金长期稳健投资的优势，助力金融市场健康发展。
有投行人士分析表示，预计保险公司将成为专项产品的认购主力，保险公司可能会先从市值较大，且自身经营状况相对良好的上市公司入手。
好消息不断。
银保监会同时表示，还将进一步支持保险机构增加对上市公司财务性和战略性投资规模，调整和优化股权投资、债权投资等领域监管制度，对符合国家战略和宏观政策导向的项目给予更多的政策支持，为实体经济提供更多长期资金和资本性资金。责任编辑：高艳云 
			",10-25 21:22
19,国海证券连续4个涨停 龙虎榜上“唱戏”的是谁？,"国海证券连续4个涨停，龙虎榜上“唱戏”的是谁？透露出哪些信息？
来源：公私风云
原创： 刘新余 
10月25日收盘，券商板块指数涨幅5.76%，继续维持强劲势头。券商股全线飘红，国海证券、中原证券等近十只股票涨停。
其中，国海证券继续领涨券商股。截至今日收盘，报收4.26元，已连续4个交易日涨停，累计涨幅达46.39%。
记者注意到，国海证券最近连续三次登上龙虎榜，而其上一次登龙虎榜还是在2017年1月20日。若再往前推的话，国海证券较频繁登上龙虎榜是在2015年。
对于股价连续涨停，国海证券相关人士在接受《国际金融报》记者采访时表示，公司已针对相关情况发布了公告，并且公司一直合规经营。
多家营业部频现龙虎榜
记者注意到，除去券商股全线涨停的10月22日，在10月23日至25日，国海证券继续涨停。而且这3天，国海证券因成为日涨幅偏离值达到7%的前5只证券，连续登上交易龙虎榜。
根据深交所公布的近3天国海证券龙虎榜交易数据，买入以及卖出金额最大的前5名营业部中，有的营业部频繁出现。
10月23日，国海证券成交额2亿元，换手率1.34%。当日买入金额前五的营业部交易额基本在700万元左右，五家合计3455.23万元；而卖出前五的营业部，除“卖一”达到1000万元，以及“卖二”较多，其余均较少，合计2975.03万元。
10月24日，成交额12.80亿元，换手率8.08%，相较上一日均迅猛增长。仅“买一”买入额便达到3966.56万元，超过前一日前五的营业部总买入额；“卖一”卖出额2763.57万元，也几乎达到前一日前五家营业部卖出总额。
10月25日，继续保持交易迅猛劲头，成交额15.48亿元，换手率9.23%。不过，与10月24日不同的是，同一个营业部买入及卖出额均较大，即买卖净额绝对值变小。如“买一”中天证券台州市府大道营业部，买入额2981.03万元，卖出额也达到2725.48万元，净额仅为255.55万元。而在10月23日和24日，排名前五的营业部基本都是净买入或净卖出。
此外，观察近3日龙虎榜前五的营业部，除10月23日“卖二”为机构专用席位、10月24日“卖四”为深股通专用席位，以及10月25日“买二”为机构专用席位，其余皆为各券商营业部席位。
记者还发现，多家券商营业部多次出现在龙虎榜中。如国泰君安上海江苏路营业部分别出现在10月24日“买一”、10月25日“卖二”的位置，分别买入3966.56万元，卖出4110.40万元；方正证券杭州延安路营业部分别出现在10月24日“买二”、10月25日“卖三”位置，分别买入3424.32万元，卖出3655.62万元；另外，还有长江证券武汉友谊路营业部、长江证券武汉胜利街营业部，10月23日和24日均在卖出；而中天证券台州市府大道营业部、太平洋证券许昌建安大道营业部交易更加频繁，在10月24日和25日，持续买入和卖出。
券商股成资金追捧热点
某北京大型券商分析师在接受《国际金融报》记者采访时表示，近期券商股大涨，主要还是一系列利好政策托底。
上周末，国务院金稳会、“一行两会”及沪深交易所先后发声，从稳定市场预期、推进市场改革和化解市场风险的三个维度，阐明监管层底线思维；同时，针对流动性紧张局面，包括理财、私募、保险等多重新增资金被政策允许预备入市；另外，针对股票质押风险，救市政策平滑市场走势，股票质押减值压力得到短期缓解。
上述分析师告诉记者，以上众多利好因素让券商板块一度成为股市热点。而观察近日包括国海证券、中信建投等券商股，持续有机构席位大单买入。目前市场猜测，可能是由消费品板块转移过来的资金。
近期也有券商专业人士向记者透露，最近券商路演，基金业似乎不是很看好食品饮料，而一直在卖出消费股。而这一点可以从基金公司即将公布的三季度披露的持仓信息，得到进一步确认。
另有分析师也向记者表示，近期公募基金卖出消费品板块，可能是因为有年度考核的压力。前三季度市场走势疲软，公募基金收益率不佳。因此，在第四季度，部分公募基金可能会采取比较激进的策略，即减仓防御性较强的消费品板块，并用减仓得来的资金去博取每一次市场热点反弹机会，以保证全年收益率。不过，具体还要靠基金业绩报告来验证。
不论该猜测正确与否，券商板块借政策面成为近期热点，同时国海证券龙虎榜显示各营业部资金频繁操作，似乎与上述分析师的分析不谋而合。而且记者注意到，近日券商板块领涨，且券商板块连续涨停的皆为国海证券、太平洋证券、西南证券等低价小盘股。免责声明：自媒体综合提供的内容均源自自媒体，版权归原作者所有，转载请联系原作者并获许可。文章观点仅代表作者本人，不代表新浪立场。若内容涉及投资建议，仅供参考勿作为投资依据。投资有风险，入市需谨慎。










			责任编辑：高艳云 
			",10-25 21:18
20,贾跃亭许家印一场官司双方喊赢 且看这几大关键点,"贾跃亭许家印谁赢了？一场官司双方喊赢，且看这几大关键点
来源：e公司官微
原创： 证券时报 于德江
10月25日，FF向香港国际仲裁中心申请的紧急救济结果出炉，但其和恒大的仲裁并未结束，仍将继续。
紧急救济结果出炉 两方解读不同
1、恒大公告：仲裁员驳回Smart King相关申请
恒大健康（07008.HK）10月25日晚间公告，时颖收到紧急仲裁的结果，仲裁员驳回Smart King彻底剥夺时颖融资同意权的申请，并驳回Smart King突然提出的解除Season Smart资产抵押权的新申请。
作为临时救助措施，为了支持Smart King的业务发展和保护股东的共同权益，仲裁员同意Smart King进行有严格条件的融资，其中新股融资的估值不得低于时颖投资后的估值，时颖享有新股的优先购买权。Smart King在最终仲裁前对外融资额不得超过5亿美元。
2、FF声明：全面获胜
对于紧急仲裁的结果，FF给出了完全不同的解读。
FF在恒大健康公告前，发布了一份声明，宣布紧急仲裁全面获胜，正式开放全球融资。FF的声明显示，在香港国际仲裁中心提交的针对恒大健康的紧急救济申请取得决定性的胜利，仲裁员裁决恒大不能再阻止FF从其他融资渠道获取资金。FF对于本次公平、公正的裁决表示欢迎。此前，恒大通过不合理和不平等的手段，包括不惜制造FF的“现金饥荒”来试图获得FF的控制权和全球的知识产权。
FF方面人士对证券时报·e公司记者表示，此次紧急救济只有一个诉求，就是开放5亿美元的融资，获得了100%支持，因此是完全获胜的。该人士还表示，恒大健康公告中所提的“彻底剥夺时颖融资同意权”的请求是大的仲裁里的内容，结果需要6~18个月才能出来，此外仲裁庭已判要求恒大赔付FF580多万港元的诉讼费。
FF声明中未提开放全球融资的条件及额度，恒大健康则交待了这些细节。对比可知，香港国际仲裁中心并未完全通过FF的申请，但为其继续融资开了一扇窗户，额度是5亿美元。恒大的融资同意权并未被彻底剥夺，后续依然具有优先认购权，FF超过5亿美元的融资依然需要取得恒大的同意。
知情人士告诉证券时报·e公司记者，FF已有较为确定的新的投资人。FF在声明中称，正在寻求与其愿景和价值观相同的全球投资人合作，同时依然坚信和有能力在2019年向全球市场和预订用户交付颠覆性和变革性的新物种FF 91。
FF还在声明中表示，恒大违约导致FF出现财务危机，恒大作为大股东置公司和全体员工及其家庭的利益而不顾，恶意破坏FF的现金流规划，违反协议约定拒绝解除对FF的相关资产保全，导致FF应急融资计划受阻，不得不采取裁员和全员降薪的方式自救。此前消息显示，贾跃亭及相当一部分高管自愿领取一美元年薪。
几大关键点值得关注
关键点1：FF与恒大的仲裁仍将继续
需要特别说明的是，FF与恒大的仲裁仍将继续，远未结束。接近FF的人士也向证券时报·e公司记者确认，今天出炉的仅是紧急救济申请的结果，双方的仲裁还在进行。
香港国际仲裁中心的机构仲裁规则显示，在仲裁庭组成前，当事人可按附录4规定的程序（“紧急仲裁员程序”）申请紧急临时或保全性救济（“紧急救济”）。经任何一方当事人申请仲裁庭可指令其认为必要或适当的临时措施，在最终解决争议的裁决作出前暂时指令一方维持或恢复原状、采取措施阻止对仲裁程序本身的伤害、保全财产以确保可执行后续裁决、保全与争议相关的重要证据等。
从中可以看出，香港国际仲裁中心的紧急救济类似于内地的行为保全、财产保全及证据保全，经法院许可后，可按执行法院判决的方式强制执行。
《中国企业家杂志》此前的报道认为，许家印、贾跃亭彼此理解的站位存在错位，是二者必有一战的关键因素。从双方的合作过程中可以看出，恒大以大股东的身份行事，成立恒大法拉第未来智能汽车（中国）有限公司，高管团队均来自于恒大。但作为重要股东，恒大也未委派管理人员前往美国，FF的生产完全在贾跃亭掌控之下。
关键点2：FF 91能不能如期量产？
当前还有一点至关重要，那就是FF91能不能如期量产？按照最初的协议，恒大占据强势地位。FF采用AB股模式，贾跃亭作为创始人，所持股权1股代表10票，仍占据多数的投票权。但是，各方做了严苛的约定，若FF原股东违约或者触发某些条件，投票权将出现反转，恒大将拥有多数的投票权。据了解，触发投票权反转的条件即包括FF能否在指定期限内实现量产。
当前指定期限有两个说法，一是2018年底，一是2019年一季度。不管是哪一个，留给贾跃亭的时间都不算多。
此前双方各执一词
此前公告显示，时颖公司在2018年5月提前支付了首批投资款8亿美元，迅速被花完。之后在8月1号前后，双方签下补充协议，在满足条件的情况下再提前支付部分资金。当前，双方的分歧是，FF是否满足了补充协议所约定的条件？约定提前支付的资金具体是多少，双方说法也不一致。
恒大健康10月7日的公告称，Smart King原股东在2018年7月提出时颖公司的8亿美元已基本用完，要求再提前支付7亿美元。时颖公司为了最大限度支持Smart King的发展，与Smart King及原股东签订了补充协议，同意在满足支付条件的前提下，提前支付这7亿美元。
恒大健康称，原股东利用其在Smart King多数董事席位的权利操控Smart King ，在没达到合约付款条件下，就要求时颖公司付款，并以此为借口于2018年10月3日向香港国际仲裁中心提出仲裁，要求剥夺时颖公司作为股东享有的有关融资的同意权，解除所有协议，剥夺时颖公司在相关协议下的权利。
恒大健康认为时颖公司已经履行相关协议项下的责任，Smart King提出仲裁严重伤害了时颖公司及其股东的权益。时颖公司已聘请国际律师团队，将采取一切必要的行动，捍卫时颖公司在相关协议下持续享有的权利，以保障公司及其股东的利益。
从当时公告中可以感受到恒大的愤怒。接近恒大的人士告诉证券时报·e告诉记者：“许老板非常生气。”在众多媒体报道中，贾跃亭也被描述为撕毁协议踢恒大出局的那一个。
10月8日，FF发表声明回应仲裁事项，指责恒大违约，称恒大7月份主动提出签署补充协议，并同意提前支付5亿元进一步向FF提供资金保障。但在FF和贾跃亭如期完成全部支付条件外，恒大未能兑现向FF支付任何额外资金的承诺，反而试图获得对FF中国和FF所有IP的控制权及所有权。
FF称，包括贾跃亭在内的任何人，都没有对Smart King董事会进行“操控”，以达成相应的补充协议；恒大对于在2018年提前支付剩余融资金额的补充协议——包括为何需要这些资金，何时需要这些资金——有着全面和深入的了解；恒大阻止FF接受任何来自其他来源的直接融资。
FF声明表达的意思是，恒大不应该一方面拒绝支付资金，另一方面享受补充协议生效后的权益，包括接管FF中国的大部分经营管理权。声明最后，FF表示，我们欢迎与FF价值观一致的投资人一起共同实现梦想。免责声明：自媒体综合提供的内容均源自自媒体，版权归原作者所有，转载请联系原作者并获许可。文章观点仅代表作者本人，不代表新浪立场。若内容涉及投资建议，仅供参考勿作为投资依据。投资有风险，入市需谨慎。










			责任编辑：高艳云 
			",10-25 21:08
21,日企的担忧：传统制造业将消失,"日立社长东原敏昭：在2个意义上，传统制造业将消失。大数据和AI有可能会让工厂的品质实现……
日本凭借制造业发展壮大。除了人口减少和全球化之外，数字化的惊涛骇浪也将拷问制造业的理想状态。日本制造企业能否抛弃大量生产时代的成功经历，继续生存下去？日本经济新闻（中文版：日经中文网）记者就如何挑战眼前不断增大的“未涉足”领域，采访了日立制作所社长兼首席执行官（CEO）东原敏昭。日立制作所正举全公司之力转向数字化，记者在采访中询问了日立前进的方向。
记者：数字化浪潮将从根本上改变制造业。  
东原敏昭：在2个意义上，传统型的制造业将消失。首先是以大量生产为前提的工厂的价值将会下降。通过大数据和人工智能（AI）分析庞大的生产数据，能够有效减少制造过程中的故障和损耗。有可能会让工厂的品质实现均一化，这个领域此前由技术人员挑大梁，也正是日本制造业的强项。  
数字化将使发现附加价值变得更加困难。如果利用3D打印机等最新技术，可利用数据自动生成设计图，用于模具和生产工艺。利用数据可以生产任何东西。而且是少量多品种。这样的时代已来到眼前。     
数字经济带来的另一个变革发生在靠近消费者的地方。那就是电子商务（EC）和电子支付的普及。与购买有关的所有数据将明确区分消费者想要和不想要的东西，制造企业和服务提供商也将集中。制造企业与外界的藩篱将瓦解。 
记者：您是说制造企业的存在意义将消失吗？ 
东原敏昭：不仅是制造企业。能源、运输等所有业态的藩篱都将消失。希望各位想象一下。从揣测消费者需求到设计商品、生产、物流、销售等的巨大产业流程中，制造企业最好作为制造的专家专注于生产。      
但是，在所有数据瞬间汇聚的时代，从采购到物流、营销、销售必须统一完成。制造企业想要从生产开始扩大领域，而服务企业也将利用代工生产等举措扩大业务领域。现有的职能分工将消失。
如何才能健康地迎接年龄增长？舒适的城市是什么样？哪些人需要自动驾驶？只有抓住社会的这些需求的企业才能生存下去的时代即将到来。 
记者：在数据成为价值源泉的时代。面对掌握庞大数据的美国IT巨头，制造业有可能沦为单纯的承包商。     
东原敏昭：此前，全球性的合纵连横一直围绕技术、人才、资金等经营资源而展开。今后在这种合纵连横的坐标轴上将出现“数据”。仅凭1家企业难以完成数据收集，即使拥有数据也无法创造出价值。应以数据为核心，与跨界企业推进合纵连横。     
现状是不管哪些企业汇聚起来，建立企业集群，数据都不能完全汇聚。各种数据容易集中于政府。各国向国民收集的“国家数据库”将成为数据资产。为迎接数据经济的到来，与政府的合作也将变得不可或缺。    
日立在构建物联网（IoT）平台的2年前，强调了“互联”和“协创”这2个说法。日立将携手客户和合作伙伴，一起建立共通的平台。在提供所需数据和分析技术的同时，不断供应必要的产品。 
全球化向前迈进 
记者：推进“中国制造2025”政策的中国是否构成威胁？ 
东原敏昭：中国政府禁止数据流向海外的规定正在成为国际性问题。抱住数据不放好还是开放好？将来，中国政府将不得不做出判断。企业经营者不应按照合作还是对立这种二元论（Dualism）作出判断。  
贸易摩擦变得激化，全球范围的贸易保护主义正在抬头。但以长远眼光来看，我认为这只是暂时的风浪。全球化已形成难以倒退的状态。中国占到日立合并销售额的11%。在老龄化加剧的背景下，充分利用医疗数据的保健业务做出了贡献。
记者：您认为在信息瞬间跨国境传播的数字时代，全球化将发生什么变化？ 
东原敏昭：全球化将进入下个阶段。这是因为，在发达国家发生的事过段时间也会在新兴市场国家发生，基于这一预期的“时间旅行战略”将渐渐行不通。发达国家和发展中国家通过相同的信息基础设施连接起来，信息的质和量也都一样。   
当然，新兴市场国家具有成长潜力这一点并未发生变化。而且，发达国家向新兴市场国家学习产品和服务理想状态的“逆向创新”或许也将增加。  
记者：日立制作所的海外销售额占合并销售额的一半，不过还是感觉向海外市场的渗透度不够。 
东原敏昭：还远远不够。力争2018年使日立成为真正的全球性企业。面向明年开始的3年期中期经营计划，已指示各业务部门制定成为全球性企业的路线。         
通过并购扩大业务规模也好，创造出市场份额位居全球之首的产品也好。希望在数字社会正式到来之前，构建能够在全球开展业务的立足点，把日立的企业品牌渗透到全球。 
记者：在全球化竞争的背景下，20年后的日立会是什么样？ 
东原敏昭：日立将打破日本企业这一传统身份。我就任社长后，提出在拥有多样化部门的日立集团引入“自律分散型全球经营体制”的目标。把人才、研发设施、知识产权作为集团的共有资产进行管理，营销等与顾客接触的部门各自想办法解决所管辖区域的课题。我认为这就是应对全球化的经营模式。   
提升感性能力、利用人工智能  
记者：有观点认为人工智能将夺走人类的工作岗位，您怎么看？ 
东原敏昭：应该不会出现人工智能超越人类的“奇点”。在计算和搜索能力方面，计算机已经远远超越人类。但在发现社会需求的共感能力以及解决问题的提案能力方面，人工智能则无法取代人类。决定为人类创造什么的是人类自身。 
人类必须更加感性。什么是人类的幸福？为了人类的幸福应该创造出什么样的价值？广泛学习历史、文化、艺术等，提升感性能力比什么都重要。随着虚拟现实（VR）技术的进步，或许可以让人“身临其境”地感受1700年代后半期的巴黎和江户。数字新技术也将有助于提升感性。  
记者：日立能够辈出像苹果创始人乔布斯那样的创新型人才吗？ 
东原敏昭：存在极限。培育出能带来轰动世界的创新的人才并非易事。仅仅依靠日本人实现创新也几乎不可能。有必要增加公司内部的多样性，让日本人才和拥有不同感性的海外人才共同创新。此外，与富有活力的初创企业合作也很重要。 
此外还有必要改变劳动方式。日立引入允许大部分国内员工在家或是在卫星办事处办公的“远程办公”制度。改变僵硬的“在单位办公”模式，或许能让员工诞生新的创意。 
记者：您觉得员工的流动性低也削弱了日本企业的活力吗？ 
东原敏昭：应该提高流动性。因此必须调整薪酬制度。日立正在向根据工作任务的轻重或个人的成果来决定报酬的评价体制过渡。同时也应该改变对员工忠诚度的评价方法。并不是在职时间越长越能表明忠心，“因为与日立的理念一致所以留在日立”，希望成为这种人才汇集的公司。虽然我自己在日立工作了41年之久，但是考虑到当今社会的变化，我的确这么认为。 
东原敏昭：1955年出生，1977年毕业于德岛大学工学部。1990年在美国波士顿大学获得硕士学位。2016年就任日立制作所社长。通过为生产设备引入物联网系统等举措，致力于推进业务的数字化。  
记者为日本经济新闻（中文版：日经中文网）堀田隆文责任编辑：郭明煜 
			",10-25 21:06
22,东沣B实控人倡议员工亲属增持 曾是徐翔案涉事高管,"大佬“呼救”！倡议员工亲属增持，其背景不一般，曾是徐翔案涉事高管
来源：e公司官微
原创： 证券时报 岳薇
资本市场的魅力在于，有人可以依靠炫目的财技赚得盆满钵满，有人可以不花毫厘力挽狂澜，在资本玩家们翻转腾挪的空间逐渐逼仄的当下，后者可能比前者更讨巧。
在连续11个交易日收盘价格低于每股1元人民币面值后，作为东沣B（200160）的控股股东和实际控制人，昔日南江系的二当家、资本玩家王栋提议回购股份；在危情延续的第14个交易日后，王栋又发出了一份扩大版的增持倡议，增持对象包括上市公司及其全资子公司、控股子公司的合计143名员工、持有上市公司股票的股东及其直系亲属。
对于资本大佬的“呼救”，是否有员工和股东出面响应增持，暂不得而知。但在第15个交易日结束后，10月22日晚间东沣B公告公司前两大流通股股东承诺在公司股价低于1元人民币面值时不减持，两人所持股份占东沣B全部流通股的22%，占总股本的14.34%。
待到次日10月23日收盘时，也就是在经历15个危情交易日后，东沣B成功“脱险”，退市风险顷刻烟消云散。
可以肯定的是，目前处于三季报披露窗口期的东沣B，王栋作为大股东，不可能有增持行为。
大佬“呼救”：险中逢生
10月15日晚间，在经历10个连续交易日股票收盘价格低于每股1元人民币面值后，东沣B发布了公司股票可能将被终止上市的第一次风险提示公告。根据深交所上市规则规定，公司出现连续10个交易日每日股票收盘价低于每股面值的，公司应发布风险提示公告；若公司股票连续20个交易日收盘价均低于股票面值的，深交所有权终止公司股票上市交易。
在当时，中弘股份、ST锐电、*ST华信、*ST凯迪纷纷在“1元退市股”的边缘徘徊。次日，东沣B甚至“吃”了一记跌停，当晚，东沣B实控人王栋提议回购股份，第一期股份回购每股价格不高于1.2港币，回购的额度区间在3000万港元和6000 万港元之间，如果第一期回购计划实施后，公司股价继续下行，公司将推出第二期回购计划。
然而，东沣B长期以来交易量低迷，上述股份回购提议发出后，股价表现仍然毫无起色。
在连续14个交易日收盘价低于面值后，10月19日晚间，王栋发出增持股票倡议书，倡议对象不仅包括全体员工，还包括全体股东及其直系亲属。
王栋承诺，自10月22日起至10月31日止，在公司股价低于或等于1.13港元/股时，凡公司全体员工以及在股权登记日10月24日（B 股最后交易日10月19日）持有公司股票的股东及其直系亲属买入公司股票的，并连续持有公司股份至2018年12月28日，以当日股票收盘价为基准计算，如果出现账面亏损，将由王栋对该投资者的亏损部分予以100%的补偿。
这份增持倡议书被深交所关注，深交所在关注函中要求东沣B结合股东人数说明，倡议对象如此广泛，是否具有可执行性，是否存在刻意扩大增持倡议对象以影响投资者决策的情形。
实际上，在增持倡议发出的10月19日当日，以及10月22日这连续两个交易日中，东沣B交易量陡然放大，收获两个涨停，10月19日的股票振幅甚至达到19%。即便如此，东沣B的面值仍处于1元以下，此时已是东沣B经历的第15个危情交易日。
增持倡议是否已有股东响应暂不得而知，但在10月22日晚间，东沣B前两大流动股东周海虹和杨成社双双承诺，在2018年12月31日前，当东沣B股价低于1.13港元时不减持。两人合计持有东沣B 1.01亿股，占上市公司总股本的14.34%，占流通股份的22%。
除此之外，东沣B当晚还抛出了股份回购预案，拟斥资3000万港元-6000万港元以集中竞价交易方式回购，回购价格不超过1.2港币/股，该预案将在11月7日举行的股东大会上审议。
10月23日，东沣B全天大部分交易时间股价都在1.12港元和目标价1.13港元之间博弈，最终在尾盘3分钟集合竞价阶段，有资金将公司股价拉至1.14港元，刚好比1.13港元的目标价略高，退市风险随即解除。
南江往事：纵横捭阖
昔日纵横捭阖，此番振臂高呼，两相对照，曾被称为南江集团“二当家”的王栋此次的“自救”方法略显平凡。
王栋起家于2002年上市的宏智科技，时年28岁的王栋在公司任董事、总经理、技术负责人，为公司第一大股东，持股18.03%。2004年，身为控股股东的王栋遭遇时任董事长黄曼民的挑战，公司出现“双头董事会”，并因此被交易所实行特别处理。
2007年，在资本市场浸淫5年后，王栋从一名电信软件工程师蜕变为资本玩家。这一年，王栋控制的新智科技（由宏智科技更名而来）启动吸收合并沪上有名的房地产开发商华丽家族，并同步实施股权分置改革，交易对象为上海南江（集团）有限公司（简称“南江集团”）。彼时南江集团由王伟林掌舵，王伟林本人与妻子刘雅娟分别持有南江集团90%和10%的股份。次年，王伟林入主上市公司。
此前已有多家主流媒体报道称，知情人透露，王伟林与王栋实际为叔侄关系，而王伟林是上海滩有名的资本玩家。
在与华丽家族达成这笔生意后，王栋自立山头。2012年4月，王栋从另一资本运作高手中路股份实控人、时任董事长陈荣的手中以1亿元受让控股权，成为ST大路B的控股股东和实控人。
2011年7月，华丽家族借壳上市三年的解禁期到，南江集团及王伟林控制的皙哲投资（2011年12月由南江集团存续分立而来）开始了连续大手笔减持。至2013年1月21日，皙哲投资减持完毕所持华丽家族的全部19.83%股份，南江集团也在当年1月24日完成最后一笔减持，其直接持股比例仅剩6.5%。也就说，南江集团对华丽家族的控股比例从2008年的55.83%直线降至2013年1月的6.5%。
紧接着，2013年1月31日，王伟林辞去华丽家族董事长职务，但仍担任董事职务，林立新接任董事长。2013年9月，南江集团按规定购回用于融资的4000万股，南江集团的控股比例回升至10.01%。
值得注意的是，在王栋成为ST大路B实控人不久之后，2012年9月，公司更名为南江B，亦即东沣B的前身。
之后，王栋又杀回了华丽家族。2013年初南江集团开始先后增资扩股三次，王栋当时作为新股东多次认购南江集团股份，最终持有南江集团35%股权，王伟林仍为南江集团的第一大股东，持有南江集团57%的股权，其妻刘雅娟持有南江集团 8%的股权。由此，王栋成为南江集团的关联人，加上王栋当时1.53%的持股比例，南江集团实际掌握华丽家族11.54%的股份。
这里需要指出的是，接任王伟林成为华丽家族董事长的林立新曾在2012年4月至当年12月担任ST大路B的董事长、南江集团副总裁。从时间线来看，各路人马的关联已经勾连。
2014年4月，王伟林又卸任董事，而在这期间，华丽家族的资本运作再次“开挂”。当年9月，华丽家族完成非公开发行股票，徐翔旗下的泽熙增煦成为认购最大户，认购上限9000万股，占公司总股本的5.62%，南江集团的直接持股比例继续稀释至7.12%。
但在2014年1月，王栋开始增持华丽家族，至2014年向泽熙的非公开发行股票完成时，王栋持有华丽家族2.84%的股份，算上关联方王栋的持股，南江集团当时可控制的股份比例仍将近10%，与泽熙增煦的持股比例拉开了部分距离。有主流媒体报道，一位接近华丽家族的券商人士曾表示，王栋在南江集团的持股以及对华丽家族的增持可能意在助其增发。
其实，徐翔旗下的泽熙瑞金1号最早于2010年第四季度便进入华丽家族前十大流通股东，在此后几年间，徐翔旗下的私募产品多次进出华丽家族。期间，利用备受泽熙青睐的石墨烯概念，徐翔等人合谋多家上市公司进行“串联”炒作，这包括华丽家族、南江B、乐通股份、ST新梅多家上市公司。
在这些公司中，华丽家族和南江B自不用说，由王伟林、王栋主事的南江集团还曾闪进闪退ST新梅；而2013年1月25日，乐通股份与当时的ST南江B同日公告，将与宁波墨西设立合资公司，宁波墨西是南江集团旗下从事石墨烯的研发、 生产、销售和技术服务的主要平台，王栋当时正好任宁波墨西董事长。
在一系列相互勾连的资本运作之后，王伟林全身而退。2015年5月，南江集团再次增资扩股，王伟林、王栋和刘雅娟的持股比重重新分配。其中，王栋的持股比例不变，仍为35%，王伟林和刘雅娟的持股比例分别变更为29%和36%，刘雅娟成为南江集团的第一大股东、华丽家族新的实际控制人。
与此同时，华丽家族再次筹划非公开发行股票，发行对象为南江集团及其全资子公司西藏南江，募集资金逾26亿元，用于收购二者拥有的墨烯控股100%股权并对其进行增资、投资智能机器人项目以及临近空间飞行器项目。墨烯控股的主要产品即主要通过宁波墨西和重庆墨希两大生产基地生产、经营。
此时的王栋已是南江集团的董事长兼总裁、西藏南江的执行董事与总经理以及墨烯控股的董事长。
自立门户：归于沉寂
其实，在2010年至2015年期间，正是沪上最有名的私募徐翔的活跃期，在此期间，徐翔等人与13家上市公司高管合谋，由上市公司择机发布高送转方案、释放公司业绩、引入热点题材等利好消息，双方合作在二级市场拉升股价并在高位减持套现获利。
这13家涉案上市公司及高管中，就包括华丽家族原董事长王伟林、南江集团原董事长与总裁王栋。
2015年11月1日，徐翔被司法部门带走。2015年12月31日，上述华丽家族的这份定增方案获得证监会审核通过，然而之后却再也没有下文。直到今年4月，华丽家族仍公告未收到证监会批文。
2017年1月，涉及400亿筹码、23个上市公司高管的徐翔案落幕，一同落幕的还有王栋在南江集团的过往。
徐翔案后，涉事的23名上市公司高管均已辞职，王栋也在此期间与南江集团和华丽家族“切割”。2016年3月，王栋将南江集团的35%股权转让给王伟林、刘雅娟夫妇之子王哲，就此，曾被视作南江集团“二当家”、王伟林继任者的王栋开始与南江集团渐行渐远。当年4月，南江B董事会启动更名，于次年5月更名为东沣B。而这一年，王栋也一一切断了在南江系公司的任职。至2016年7月，王栋在南江集团、墨烯控股、宁波墨西等公司的重要任职纷纷终结。
在此之后，东沣B成为王栋唯一的“大本营”，在经历刚入主时的突然提振后，这两年东沣B的业绩又突然颓败。
王栋2012年入主后，南江B（即现在的东沣B）经过重组进入了大宗商品分销领域，并设立投资平台南江投资，进军新能源和新材料领域，公司当年业绩突然提振，净利润从不到200万元增长到3289万元；2013年公司实现净利润9481万元，同比再次增长188%。2013年1月，在王栋的牵线搭桥下，南江投资还与宁波墨西成立合资公司承德墨西，承建年产不低于200万平米的“基于石墨烯应用的集流体功能性涂层”生产线，彼时正值石墨烯热炒期。
2014年和2015年，南江B的净利润开始同比小幅下滑，两年间，承德墨西营业收入均为0，净利润分别亏损159万元、12万元。
进入2016年，南江B的净利润直线下降94%，从2015年的5887万元下滑至376万元，重回百万级别，这一年，王栋本人也和南江系公司完全切割。2017年，更名后的东沣B净利润只有410万元。
在南江系的活跃期，2015年1月，南江B还曾停牌，启动解决B股遗留问题，但这场旷日持久的停牌一直延续到2017年8月，最后以失败告终。
最近两年，东沣B仍以房地产业务为核心，但整体业绩乏善可陈。昔日的承德墨西于2016年9月更名为承德南江科技有限公司（简称“南江科技”），其经营范围逐渐由石墨烯变更为动力电池及电池材料、高性能膜材料、纳米材料的研发、生产等。这也是王栋在徐翔案后为东沣B选定的另一条新材料路线，公司逐渐搭建起集氢能源、陶瓷纤维产业及氢燃料电池为一体的产业化架构平台。截至目前，这一新的产业拓展还未体现在东沣B这两年的营收中，房地产占比仍达96%以上，商业和农业的占比不断萎缩。
不过，在增持倡议公告中，东沣B表示，公司目前生产经营稳定，房地产业务及氢能源、新材料业务正在有序推进。其中，东沣新能源装备产业化基地已开始业务产线布置，氢燃料电池业务已进入市场供货阶段，陶瓷短纤维项目首条产线已进入试生产阶段，预计在2018年四季度开始批量生产。
就在东沣B脱离退市风险后的第一个交易日（10月24日），公司股价再次重回1元人民币面值以下。截至10月25日收盘，东沣B股价继续下挫，危情时日仍在延续。免责声明：自媒体综合提供的内容均源自自媒体，版权归原作者所有，转载请联系原作者并获许可。文章观点仅代表作者本人，不代表新浪立场。若内容涉及投资建议，仅供参考勿作为投资依据。投资有风险，入市需谨慎。










			责任编辑：高艳云 
			",10-25 21:05
23,美国申请失业救济人数上升 持续索赔创45年最低水平,"新浪美股讯 据路透社消息，美国上周申请失业援助的人数增加，但获得福利的美国人数下降至超过45年来的最低水平，这表明就业市场状况趋紧。
美国劳工部周四表示，截至10月20日当周初请失业金人数增加5000人，经季节性因素调整后为215000人。前一周的数据未经修改。截至9月15日当周，申请失业救济人数降至20.2万人，为1969年11月以来的最低水平。
路透调查的经济学家此前预计，上周初请失业金人数将升至21.4万人。美国劳工部说，南卡罗来纳和北卡罗来纳的主权声明继续受到佛罗伦萨飓风的影响。佛罗里达和乔治亚州的主权声明受到飓风迈克尔的影响。
首次请失业金人数四周移动均值上周维持在211750人不变。
劳动力市场被认为接近或处于充分就业状态，失业率接近49年低点3.7%。美国经济中有创纪录的714万个空缺职位，这表明熟练工人短缺。
美联储周三发布的褐皮书证实了这一点。美联储表示，“全国各地的雇主继续报告劳动力市场吃紧，难以找到合格的工人。”
紧缩的劳动力市场状况和强劲的经济，可能令美国央行在12月再度升息。美联储今年9月第三次加息，并在政策声明中删除了“宽松”的货币政策。
周四的索赔报告还显示，在10月13日结束的一周内，领取救济金的人数减少了5000人，至164万人，为1973年8月以来的最低水平。持续申领失业救济金人数的四周移动平均值下跌6750人，至165万人，也是1973年8月以来的最低水平。
持续申领失业救济金人数的数据涵盖了家庭调查的一周，10月份的失业率将从家庭调查中计算出来。在9月至10月调查期间，持续申领失业救济金人数四周均值减少33250人，显示失业率进一步改善。
	
	

			
			责任编辑：霍琦 
			",10-25 21:04
24,恒大FF紧急仲裁结果 驳回贾跃亭剥夺恒大融资权诉求,"双方都说没输！恒大FF紧急仲裁结果出炉 驳回贾跃亭剥夺恒大融资权诉求 保留5亿限制融资权
唐维 
2018年10月25日。贾跃亭方面10月3日在香港国际仲裁中心提起紧急济助申请和紧急仲裁程序的结果出炉，结果喜忧参半：
1．忧的是，香港国际仲裁中心否决了贾跃亭提出的彻底剥夺恒大融资同意权的要求，并否决了贾跃亭临时提出要进一步剥夺恒大资产抵押权的新要求。
2．喜的是，给了贾跃亭5亿美元有限制的融资权。
FF官方第一时间发声《申请紧急仲裁全面获胜正式开放全球融资》，FF称在香港国际仲裁中心提交的针对恒大健康的紧急救济申请取得决定性的胜利，仲裁员裁决恒大不能再阻止FF从其他融资渠道获取资金。FF称对于本次公平、公正的裁决表示欢迎。
今天，FaradayFuture（FF）发布如下声明：
今天，FF在香港国际仲裁中心提交的针对恒大健康的紧急救济申请取得决定性的胜利，仲裁员裁决恒大不能再阻止FF从其他融资渠道获取资金，我们对于本次公平、公正的裁决表示欢迎。此前，恒大通过不合理和不平等的手段，包括不惜制造FF的“现金饥荒”来试图获得FF的控制权和全球的知识产权。
自恒大违约导致FF出现财务危机之后，我们采取了紧急管理措施并制定了应急财务规划。但令人遗憾的是，作为FF最大股东的恒大健康，却置公司和全体员工及其家庭的利益而不顾，反而恶意破坏FF的现金流规划，违反协议约定拒绝解除对FF的相关资产保全，导致FF应急融资计划受阻，不得不采取裁员和全员降薪的方式自救。
对于这次离开的员工，我们感谢大家的理解和对公司做出的巨大贡献，公司采取的上述临时举措是被迫和无奈的。公司创始人和全球CEO贾跃亭先生以及越来越多的高管甚至普通员工自愿领取一美元年薪与公司共进退，我们为紧密团结的团队感到自豪，也坚信公司一定会渡过难关。
目前，FF91的产品研发工作已经完成，并在8月28日提前实现预量产车的下线目标，汉福德工厂也已经完成了大规模量产的规划工作，距离最终量产版交付仅一步之遥。
FF正在寻求与我们愿景和价值观相同的全球投资人合作，同时我们依然坚信和有能力在2019年向全球市场和预订用户交付颠覆性和变革性的新物种FF91，实现创造共享智能出行生态系统的终极愿景。
FaradayFuture
2018年10月25日
在FF发声后仅10分钟左右，恒大健康于港交所发布公告，反驳了FF的说法：
2018年10月25日，时颖收到紧急仲裁的结果，仲裁员驳回SmartKing彻底剥夺时颖融资同意权的申请，并于较早驳回SmartKing突然提出的解除SeasonSmart资产抵押权的新申请。
作为临时救助措施，为支持SmartKing的业务发展和保护股东的共同权益，仲裁员同意SmartKing进行有严格条件的融资，其中新股融资的估值不得低于时颖投后估值，时颖享有新股的优先购买权；并在最终仲裁前对外融资额不得超过5亿美元。
据接近FF中国内部人士表示，紧急仲裁是正式仲裁前的一项临时济助措施，目的是为了保持公司现状。鉴于FF目前的资金状况严峻，为了保护恒大等所有股东的共同利益，仲裁允许FF进行有严格条件的融资，其中新股融资的估值不得低于恒大投后估值，恒大享有新股的优先购买权；在最终仲裁前对外融资额不得超过5亿美元。
这个仲裁结果意味着什么？仲裁的法律效应如何？我们先来了解下。以下内容来源于香港国际仲裁中心官网。
1、什么是仲裁？
仲裁是以当事人的约定为基础的争议解决方式。当事人同意将争议提交仲裁庭，由仲裁庭作终局和有约束力的裁决。
2、仲裁和调解有何不同？
调解旨在促使当事人妥协。当事人没有义务接受调解员所建议的和解。仲裁裁决可以强制执行，和解协议不行，只是当事人间的协议。
3、仲裁和诉讼有何不同？
仲裁私下进行，由仲裁员审理；诉讼在法院进行，由法官审理。仲裁一般较诉讼更随意，也不限制当事人可由谁代理。
4、仲裁员的决定是否构成具约束力的先例？
仲裁私下进行，是保密的，除个别情况下，当事人通常不得披露仲裁结果。因此，如果想通过一案设立先例，以便将来约束其他人，仲裁不是理想的选择。
5、仲裁裁决能否上诉？
仲裁裁决通常是终局的，法院不能复核实体问题。在香港，当事人可在仲裁协议中明确约定可以在有限的情况下因仲裁员适用法律有误或有其他不当行为上诉。
6、如何执行裁决？
在香港作出的仲裁裁决，经法院许可，可按执行法院判决的方式执行。申请执行许可用书面形式，无需通知被执行人。
7、如何针对香港的仲裁裁决提出异议？
如果仲裁庭缺乏管辖权或仲裁庭组成不当或仲裁程序不符当事人约定，裁决可能被撤销。撤销裁决的请求得在收到裁决书后3个月内提出。当事人可明确选择约定可因不当和法律问题撤销裁决。
8、在什么情况下会拒绝执行公约裁决？
只有在有限的情况下，才能拒绝执行公约裁决，即仲裁庭不具管辖权，仲裁庭组成不当，程序严重不当，或执行裁决会违背公共利益。不能仅仅因认定事实或适用法律中的错误而拒绝执行公约裁决。
也就是说，仲裁裁决通常是终局的，双方都要遵守这个仲裁结果。不过这也确实不失为一个双方都能接受的结果。
为了便于理解，我们来理理相关公司的关系：
许家印系：恒大健康时颖恒大法拉第未来（即FF中国，前身为睿驰汽车）
贾跃亭系：法拉第未来（即FF全球，恒大为第一大股东，但目前实际由贾控制）
SmartKing：双方合资公司，许家印方45%股权、贾跃亭方33%，其余为预留激励股权。在投票权设计上，恒大一方1股对1票，贾跃亭一方1股为10票，也就是通常所说的AB股。根据股东协议条款约定，如果出现管理层不能履职的情况，贾跃亭一方1股为10票的投票权将返回。
1不到100天的蜜月期
2017年7月1日，贾跃亭出走美国造车。尽管贾跃亭本人债务缠身，但FF背后金主传闻不断。2017年11月，传闻FF获得印度塔塔集团9亿美元融资。同年12月，传出获得泰国国家石油公司巨额投资。此外，BAT、李嘉诚之子李泽楷等也相继有过合作传闻，但均被辟谣。
最后证明这个金主是许家印。
2017年11月30日，时颖与FF原股东签订合并与认购协议。恒大在三年内投资20亿美元，占合资公司SmartKing45%股份，按照协议约定在2018年底前支付8亿美元、2019年支付6亿美元、2020年支付6亿美元。
2018年5月25日，恒大支付完毕2018年底前应付的8亿美元，剩余12亿美元依照最早的投资协议将在2019年支付6亿、2020年支付6亿。
6月25日法拉第未来官方宣布，恒大健康以67.46亿港元收购香港时颖公司100%股份，并间接获得了SmartKing公司45%的股权，由此恒大一跃成为第一大股东。
7月24日，睿驰汽车提出更名以及人事变更申请，并于8月初得到相关部门批准。更名后的恒大法拉第未来，由恒大集团副总裁彭建军担任法人代表。
7月某日，双方签署原投资协议的补充修订协议（三方协议），恒大同意在原合约约定日期之前，在满足支付条件的前提下，提前支付7亿美元。这份补充修改协议的付款截止日期是2018年8月1日。
8月14日，恒大方面举办恒大法拉第未来智能汽车（中国）有限公司揭牌仪式，9名恒大高管团队首亮相，贾跃亭并未到场，并从始至终未被提及。
10月7日，恒大健康一纸公告将双方“不睦”公之于众：贾跃亭方面已于10月3日提出仲裁，要求剥夺恒大作为股东享有的有关融资的同意权，并解除所有协议。据悉，时颖在香港国际仲裁中心提起的是紧急济助申请和紧急仲裁程序，平均用时14天给出裁决，这次贾跃亭方的裁决用了22天。
据媒体引用知情人士称，许家印“很痛心”，贾跃亭“出离愤怒”。
2事起补充协议
现在双方的分歧点在于7月份签订的这一份补充修订协议。双方各执一词。
许家印方的说法是：支付给贾跃亭实际控制的FF的8亿美元已基本用完，对方要求再提前支付7亿美元。FF利用其在SmartKing多数董事席位的权利操控SmartKing，在没达到合约付款的条件下，要求其提前支付融资款。
贾跃亭方的说法是：已经如期完成了2018年7月投资方提出签署的三方协议中要求的全部支付条件，除了首笔8亿美元投资之外，恒大未能兑现向FF支付任何额外资金的承诺，反而试图获得对FF中国和FF所有IP的控制权及所有权。恒大也阻止FF接受任何来自其他来源的直接融资。
由于仲裁期间的保密协定，恒大和FF官方均未对外透露协议具体内容。
现在贾跃亭方获得了5亿美元额度的融资权，下一个金主会是谁？责任编辑：高艳云 
			",10-25 20:58
25,美国福特单季利润下降37％ 在华销量骤降5成,"新浪美股讯 北京时间10月25日消息 日经中文网报道，福特汽车发布了7~9月的财报。在华销量的降幅与4~6月的29%相比进一步扩大……
美国汽车厂商福特汽车10月24日发布的2018年7~9月财报显示，净利润比上年同期下滑37%，降至9亿9100万美元。其中，在华销量同比下降5成。由于美元升值趋缓，销售额增长3%，达到376亿美元，时隔2个季度高于上年。
在华销量为13万5000辆，同比骤减49%。7月以后中国新车市场整体出现同比下滑，同时贸易摩擦导致消费者减少美国品牌车购买也产生了消极影响。降幅与4~6月的29%相比有所扩大。
销量在不含欧洲的所有地区下滑，全球销量减少10%，降至135万3000辆。全球份额从上年的6.8%降至6.3%。责任编辑：郭明煜 
			",10-25 20:58
26,FF仲裁行至中场：贾跃亭被允许融资 恒大亦未出局,"新浪财经讯 10月25日消息，贾跃亭针对恒大提起的紧急仲裁结果于今日晚间出炉。恒大健康公告称，香港国际仲裁中心驳回了贾跃亭彻底剥夺恒大融资同意权和解除恒大资产抵押权的申请，但同时允许法拉第未来（FF）进行有严格条件的融资。
对于允许FF对外融资，仲裁中心要求：其中新股融资的估值不得低于恒大投后估值，恒大享有新股的优先购买权；在最终仲裁前对外融资额不得超过5亿美元。
根据恒大健康的表述，前述5亿美元是仲裁方给予FF的紧急救济措施。但FF方面称被允许开放融资就是“全面胜利”，并透露正式仲裁还需6-18个月出结果。事实上，这是一个给双方都留有余地的中场结果，可以预见的是，未来双方的战役将愈演愈烈。
谁的胜利？
仲裁结果出炉后，FF和恒大的官方口径是南辕北辙。
恒大健康的公告称，仲裁方驳回了贾跃亭提出的彻底剥夺恒大融资同意权的申请，并否决了贾跃亭临时提出要进一步剥夺恒大资产抵押权的新申请。有媒体据此报道称是“贾跃亭败诉。”
而针对前述5亿融资额，恒大健康公告称是一项临时济助措施，“为支持Smart King（FF母公司）的业务发展和保护股东的共同权益。”
但FF则以“紧急仲裁全面获胜”为标题发布声明，称“仲裁员裁决恒大不能再阻止FF从其他融资渠道获取资金”，并再次发难恒大，称“恒大通过不合理和不平等的手段，包括不惜制造FF的‘现金饥荒’来试图获得FF的控制权和全球的知识产权。”
那么，究竟是谁在紧急仲裁中更胜一筹呢？事实上，这是一个给双方都留有余地的中场结果：有燃眉之急的贾跃亭得到机会喘息，恒大作为投资方的权利也得以保全。
贾跃亭方面早前指责恒大不履行补充协议的承诺拖欠投资款，欲夺FF中国控制权，不应再享受相应权益。而恒大的回应是斥贾跃亭方面没达到合约付款条件就要求付款，伤害恒大权益。
在仲裁结果出炉前几日，FF通过全员邮件表示，投资方恒大健康未支付款项导致FF面临财务困难。公司因此将被迫裁员并对全员降薪20%，而贾跃亭将只领取一美金年薪，并已与新融资展开洽谈。
不过有知情人士向新浪财经透露，“贾跃亭所述的新融资方正是来自某个中东基金，和红杉资本中国，但目前进展并不乐观”。
其实，更令贾跃亭头痛的，是他与恒大方面签订的融资对赌协议。根据双方约定，如果FF不能完成限定时间内的量产目标，贾跃亭等原FF股东的投票权将回转给恒大。
未完结的争斗
针对前述“败诉”一说，FF内部人士并不承认。
该内部人士对新浪财经表示，“我们现在进行的紧急经济救助仲裁，诉求的目的就是解除这个5亿美金的融资权。这一点，仲裁庭是100%支持FF的，所以我们是完全获胜的。
对于恒大提到的完全剥夺恒大的融资同意权的请求，这是大仲裁里的内容，这个仲裁的结果需要6-18个月才能出结果。”该人士进一步透露，在本次仲裁结果中，仲裁中心判恒大赔FF 580万港元的诉讼费。
对于FF内部人士的赔付说法，接近恒大的人士给予否认。该人士称上述诉讼费是在FF濒临破产的前提下，由恒大支付，而不是赔FF。同时，该人士还指责，贾跃亭方面一边说资金不足，一边动用了高额资金作为状告恒大的法律费用。
不过该人士也表示，正式仲裁的时长确实需要6-18个月。
短短数月，贾跃亭和许家印就从合作走向了决裂。仲裁之外，双方的战争硝烟从公司蔓延到员工，也是牵出了重重“罗生门”：
先是FF中国内部曝出变相降薪协议，随后60余名FF中国员工声讨恒大法拉第欠薪，部分人员提出劳务仲裁；随后，媒体引述知情人士消息称恒大不仅不存在降薪问题，还在给FF中国员工不同程度的涨薪，并暗示讨薪人员多为贾跃亭“亲信”。
新浪法问近日报道的FF中国徐姓员工拒绝移交公司证章被恒大法拉第未来开除一事，又牵出了恒大与贾跃亭方面抢夺证章的内幕。
自67亿港元入股FF以来，恒大对新能源车产业赌上了重金：宣布要在全国建设五大研发生产基地，十年实现500万辆新能源车的产量目标，从广汽挖来高层组建管理团队，又斥资145亿入股广汇集团搭建经销渠道。
贾跃亭迫切希望除去夺权隐患，他近日吐露心声称“无法接受FF沦为恒大健康的子公司”，而对新能源车产业雄心勃勃的恒大也势必不会善罢甘休。可以预见的是，未来双方的战役将愈演愈烈。（新浪财经 王茜）责任编辑：高艳云 
			",10-25 20:57
27,顶级资管机构：股市暴跌不要怕 要逢低买入,"FX168财经报社（香港）讯 尽管隔夜美国股市遭到血洗：标普500指数周三连续第六个交易日下跌，纳斯达克指数创出2011年以来最大跌幅。欧洲股市早前也跌至两年低位……
不过，据彭博最新报道，德国最大的资产管理公司建议投资者，不要被股市的回调吓倒，要逢低买进。
“波动可能增强了，但撇开这种干扰因素，你会发现这是一个买进而非卖出的机会，”DWS Investment GmbH多资产及解决方案全球主管Christian Hille在接受电话采访时表示。
该公司管理着大约7000亿欧元（8000亿美元）的资产。“不要被下跌所迷惑，它会有选择地带来投资机会。”
随着基金管理公司出于对美国利率上升及全球增长放缓的担忧而抛弃股票，转向其他投资品种，MSCI全球指数正在迈向2011年以来最差月度表现。
投资者很难预测美国下一次步入经济衰退的时间以及股票牛市的顶部。
Hille认为，股市当前的回落并不意味着牛市的终结，而是朝着后期阶段的过渡，其特点是随着央行转向量化紧缩而出现更大的波动。
在受到市场下跌冲击的资产类别中，Hille认为新兴市场股票“非常便宜”且“很有吸引力”，并预计其他投资者到2019年初也会注意到这一点。
他还建议关注美国中小盘股，这些股票虽然比大盘股波动得更加剧烈，但其盈利增速高达两位数。
虽然从投资组合多元化的角度考虑，Hille仍然更看好股票而不是信贷，但他还是建议持有期限较长的美元债，并表示，2年期美国国债收益率看上去“非常有吸引力”，DWS一直在考虑重新投资美国国债。
在对地区的评估方面，Hille认为，由于围绕意大利的不确定性，欧洲仍然是一个“非常棘手”的投资地区，而投资者可以在美国和新兴市场找到更高的增长。
“我们认为此次调整是健康的，”Hille说。“现在正处于过渡阶段，这也是看好股票而非信贷的明显理由，因为在这种情况下，投资者通常应该继续买进风险资产。”责任编辑：郭明煜 
			",10-25 20:50
28,一财社论：民企发展应承担更多社会责任,"社论：民企发展应承担更多社会责任
24日，由中央统战部和全国工商联共同推荐的“改革开放40年百名杰出民营企业家”名单正式对外公布。改革开放40年，曾经涌现过无数的民营企业，也有很多名噪一时的民营企业家，但此时由权威部门推出这个数量并不大的名单，在一定程度上，是对过去民营企业和民营企业家所取成就的肯定，这次只是推出了一些标杆。
近来，社会上对民营企业有诸多议论，但这些杂音并不能阻止民企的发展壮大，不能掩盖民企对社会发展做出的贡献。在国家层面，也多次发声强调对民营企业发展的支持。但任何事情都有一个发展过程，民企也需要在发展中不断提高。将来什么样的民营企业能够获得社会更广泛的支持，从而在社会经济发展中发挥更大作用？这一点值得思考。我们认为，将来能够获得更大发展的民营企业，至少要包含两个方面的素质，一是要顺应历史潮流，心无旁骛创新创造，踏踏实实办好企业，尤其是在实体经济发展方面；二是民营企业要更多、更积极地承担社会责任。
梳理这份名单可以发现，有六种类型的民营企业家得以入选。一是敢为天下先，在市场竞争中脱颖而出，具有较强社会影响力；二是推进产品创新、技术创新、商业模式创新，创建具有核心竞争力和国际影响力企业品牌的代表人物；三是坚持以实业为本，秉持工匠精神，推动中国制造业走向国际市场的领跑者；四是有创业创新、积极探索，走在改革开放前沿，推动产业模式变革的新经济代表；五是积极投身“一带一路”建设等国家重大战略，并取得显著成效的成功典范；六是自觉承担社会责任，积极参与光彩事业、公益慈善事业和“万企帮万村”精准扶贫行动的无私奉献者。
同时，我们应该看到的是，这个名单并不是以民营企业的体量作为标准的。有的企业，体量已经到了年营收近4000亿元，在产业方面已经拿到了多项世界第一，但或许是因为项目未批先建及环境方面的问题未能入选；也有的企业在发展过程中存在比如行贿之类的瑕疵而不能入选。这传递出一个重要信息，今后民营企业的发展要更加守法、合规，“抢山头、占阵地”不但以后不可能是企业发展的方向，以前的行为也会让人不时想起，从而影响到企业今后生存发展。
当前，一些民营企业遇到了一定的困难，这当然是包含了多方面的因素所致，但遇到了困难不能总是怨天尤人，而要多从自身找原因。产业发展方向是否符合国家的大政方针，企业的运作是否真正合法、合规，是否因为激进、冒进而产生了过高的杠杆率，“晴天也需要准备雨伞”，对企业抗风险的准备是否足够等等。
事实上，针对一些民营企业遇到的困难，从国家层面上已经表达了各种支持。习近平总书记近日指出：“支持民营企业发展，是党中央的一贯方针，这一点丝毫不会动摇。希望广大民营企业家把握时代大势，坚定发展信心，心无旁骛创新创造，踏踏实实办好企业，合力开创民营经济更加美好的明天。”
22日召开的国务院常务会议也指出，民营企业是中国特色社会主义的重要建设者，是推动经济社会发展的重要力量，要坚持“两个毫不动摇”，出台更多有利于民营企业稳定健康发展的政策。
有大政方针，也有具体措施。针对民营企业因为质押而造成的风险，国有资本也频频出手；持续改善营商环境，进一步减轻税负，进一步降低民营企业融资成本、与国有企业同等门槛等措施都在落实之中。但这些“扶持”措施，都是针对规范的民营企业。
总之，民营经济撑起了中国经济“半壁江山”，在稳定增长、促进创新、增加就业、改善民生等方面发挥了重要作用。国家政策对民营企业频吹“暖风”，民营企业也需更加“自强”。怎么“自强”，上述“百强标杆”应该有指向意义。
责任编辑：李锋 
			",10-25 20:49
29,760亿美元！美国贸易逆差创历史新高,"北京时间10月25日周四，美国商务部公布初步报告，美国9月商品贸易帐逆差760亿美元，逆差创纪录高位，预期逆差751亿美元，前值逆差758亿美元修正为逆差755亿美元。
具体数据如下：
与此同时，9月份商品批发库存从8月份的6420亿美元增长了0.3% ，达到6441亿美元。
几个月来，特朗普政府一直利用关税来缩小进出口之间的贸易逆差，但从数据来看，却适得其反。投资者因全球贸易摩擦处于紧张状态，因为他们担心更为严格的贸易条件将减缓全球经济的增长。
数据过后，主要资产价格暂时波动不大。免责声明：自媒体综合提供的内容均源自自媒体，版权归原作者所有，转载请联系原作者并获许可。文章观点仅代表作者本人，不代表新浪立场。若内容涉及投资建议，仅供参考勿作为投资依据。投资有风险，入市需谨慎。










			责任编辑：霍琦 
			",10-25 20:47
